date,hour,zone,device_id,occupancy_mean,occupancy_peak,desk_utilization_pct,booking_rate,ghost_bookings
2026-07-05,9,floor1,occ-floor1-01,0.5,1.0,0.0,0.0,0
2026-07-05,9,floor2,occ-floor2-01,1.5,2.0,0.0,0.0,0
2026-07-05,9,meetingA,occ-meeting-a,1.0,1.0,0.0,0.0,0
2026-07-05,9,meetingB,occ-meeting-b,1.0,2.0,0.0,0.0,0
2026-07-05,10,floor1,occ-floor1-01,0.0,0.0,0.0,0.0,0
2026-07-05,10,floor2,occ-floor2-01,2.0,2.0,0.0,0.0,0
2026-07-05,10,meetingA,occ-meeting-a,2.5,3.0,1.25,0.0,0
2026-07-05,10,meetingB,occ-meeting-b,1.0,2.0,0.0,0.0,0
2026-07-05,11,floor1,occ-floor1-01,2.5,3.0,1.25,0.0,0
2026-07-05,11,floor2,occ-floor2-01,1.5,2.0,0.0,0.0,0
2026-07-05,11,meetingA,occ-meeting-a,0.5,1.0,0.0,0.0,0
2026-07-05,11,meetingB,occ-meeting-b,2.0,2.0,0.0,0.0,0
2026-07-05,12,floor1,occ-floor1-01,0.5,1.0,0.0,0.0,0
2026-07-05,12,floor2,occ-floor2-01,1.0,1.0,0.0,0.0,0
2026-07-05,12,meetingA,occ-meeting-a,1.0,2.0,0.0,0.0,0
2026-07-05,12,meetingB,occ-meeting-b,1.5,2.0,0.0,0.0,0
2026-07-05,13,floor1,occ-floor1-01,1.5,2.0,0.0,0.0,0
2026-07-05,13,floor2,occ-floor2-01,1.0,2.0,0.0,0.0,0
2026-07-05,13,meetingA,occ-meeting-a,1.0,2.0,0.0,0.0,0
2026-07-05,13,meetingB,occ-meeting-b,1.5,2.0,0.0,0.0,0
2026-07-05,14,floor1,occ-floor1-01,1.0,1.0,0.0,0.0,0
2026-07-05,14,floor2,occ-floor2-01,0.5,1.0,0.0,0.0,0
2026-07-05,14,meetingA,occ-meeting-a,0.5,1.0,1.25,0.0,0
2026-07-05,14,meetingB,occ-meeting-b,1.0,1.0,0.0,0.0,0
2026-07-05,15,floor1,occ-floor1-01,1.5,2.0,0.0,0.0,0
2026-07-05,15,floor2,occ-floor2-01,1.0,1.0,1.25,0.0,0
2026-07-05,15,meetingA,occ-meeting-a,1.5,2.0,0.0,0.0,0
2026-07-05,15,meetingB,occ-meeting-b,1.5,2.0,0.0,0.0,0
2026-07-05,16,floor1,occ-floor1-01,2.5,3.0,1.25,0.0,0
2026-07-05,16,floor2,occ-floor2-01,1.5,2.0,0.0,0.0,0
2026-07-05,16,meetingA,occ-meeting-a,2.5,3.0,1.25,0.0,0
2026-07-05,16,meetingB,occ-meeting-b,0.5,1.0,0.0,0.0,0
2026-07-05,17,floor1,occ-floor1-01,1.0,1.0,0.0,0.0,0
2026-07-05,17,floor2,occ-floor2-01,1.5,2.0,0.0,0.0,0
2026-07-05,17,meetingA,occ-meeting-a,1.0,2.0,0.0,0.0,0
2026-07-05,17,meetingB,occ-meeting-b,0.5,1.0,0.0,0.0,0
2026-07-05,18,floor1,occ-floor1-01,2.0,2.0,0.0,0.0,0
2026-07-05,18,floor2,occ-floor2-01,0.5,1.0,0.0,0.0,0
2026-07-05,18,meetingA,occ-meeting-a,1.0,2.0,0.0,0.0,0
2026-07-05,18,meetingB,occ-meeting-b,1.5,2.0,0.0,0.0,0
2026-07-05,19,floor1,occ-floor1-01,0.0,0.0,0.0,0.0,0
2026-07-05,19,floor2,occ-floor2-01,2.0,2.0,0.0,0.0,0
2026-07-05,19,meetingA,occ-meeting-a,1.0,2.0,0.0,0.0,0
2026-07-05,19,meetingB,occ-meeting-b,1.0,2.0,0.0,0.0,0
2026-07-05,20,floor1,occ-floor1-01,1.5,2.0,0.0,0.0,0
2026-07-05,20,floor2,occ-floor2-01,0.0,0.0,0.0,0.0,0
2026-07-05,20,meetingA,occ-meeting-a,0.0,0.0,0.0,0.0,0
2026-07-05,20,meetingB,occ-meeting-b,0.5,1.0,0.0,0.0,0
2026-07-05,21,floor1,occ-floor1-01,1.5,2.0,0.0,0.0,0
2026-07-05,21,floor2,occ-floor2-01,1.0,1.0,0.0,0.0,0
2026-07-05,21,meetingA,occ-meeting-a,1.0,1.0,0.0,0.0,0
2026-07-05,21,meetingB,occ-meeting-b,0.0,0.0,0.0,0.0,0
2026-07-05,22,floor1,occ-floor1-01,0.0,0.0,0.0,0.0,0
2026-07-05,22,floor2,occ-floor2-01,1.5,2.0,0.0,0.0,0
2026-07-05,22,meetingA,occ-meeting-a,1.5,2.0,0.0,0.0,0
2026-07-05,22,meetingB,occ-meeting-b,0.5,1.0,0.0,0.0,0
2026-07-05,23,floor1,occ-floor1-01,1.5,2.0,1.25,0.0,0
2026-07-05,23,floor2,occ-floor2-01,2.0,2.0,0.0,0.0,0
2026-07-05,23,meetingA,occ-meeting-a,0.5,1.0,0.0,0.0,0
2026-07-05,23,meetingB,occ-meeting-b,1.5,2.0,0.0,0.0,0
2026-07-06,0,floor1,occ-floor1-01,1.5,2.0,1.25,0.0,0
2026-07-06,0,floor2,occ-floor2-01,2.0,2.0,0.0,0.0,0
2026-07-06,0,meetingA,occ-meeting-a,0.0,0.0,0.0,0.0,0
2026-07-06,0,meetingB,occ-meeting-b,1.0,2.0,0.0,0.0,0
2026-07-06,1,floor1,occ-floor1-01,1.5,2.0,0.0,0.0,0
2026-07-06,1,floor2,occ-floor2-01,1.0,1.0,0.0,0.0,0
2026-07-06,1,meetingA,occ-meeting-a,1.0,1.0,1.25,0.0,0
2026-07-06,1,meetingB,occ-meeting-b,0.5,1.0,0.0,0.0,0
2026-07-06,2,floor1,occ-floor1-01,1.0,1.0,0.0,0.0,0
2026-07-06,2,floor2,occ-floor2-01,2.0,2.0,0.0,0.0,0
2026-07-06,2,meetingA,occ-meeting-a,1.5,2.0,0.0,0.0,0
2026-07-06,2,meetingB,occ-meeting-b,1.5,2.0,0.0,0.0,0
2026-07-06,3,floor1,occ-floor1-01,1.0,2.0,0.0,0.0,0
2026-07-06,3,floor2,occ-floor2-01,0.5,1.0,0.0,0.0,0
2026-07-06,3,meetingA,occ-meeting-a,1.5,2.0,0.0,0.0,0
2026-07-06,3,meetingB,occ-meeting-b,0.5,1.0,1.25,0.0,0
2026-07-06,4,floor1,occ-floor1-01,1.0,2.0,0.0,0.0,0
2026-07-06,4,floor2,occ-floor2-01,1.5,2.0,0.0,0.0,0
2026-07-06,4,meetingA,occ-meeting-a,1.0,1.0,1.25,0.0,0
2026-07-06,4,meetingB,occ-meeting-b,1.0,1.0,0.0,0.0,0
2026-07-06,5,floor1,occ-floor1-01,0.5,1.0,0.0,0.0,0
2026-07-06,5,floor2,occ-floor2-01,2.0,2.0,0.0,0.0,0
2026-07-06,5,meetingA,occ-meeting-a,1.0,2.0,0.0,0.0,0
2026-07-06,5,meetingB,occ-meeting-b,1.0,1.0,0.0,0.0,0
2026-07-06,6,floor1,occ-floor1-01,1.0,2.0,0.0,0.0,0
2026-07-06,6,floor2,occ-floor2-01,0.5,1.0,0.0,0.0,0
2026-07-06,6,meetingA,occ-meeting-a,1.5,2.0,0.0,0.0,0
2026-07-06,6,meetingB,occ-meeting-b,1.0,2.0,0.0,0.0,0
2026-07-06,7,floor1,occ-floor1-01,0.0,0.0,0.0,0.0,0
2026-07-06,7,floor2,occ-floor2-01,1.5,2.0,0.0,0.0,0
2026-07-06,7,meetingA,occ-meeting-a,1.5,2.0,0.0,0.0,0
2026-07-06,7,meetingB,occ-meeting-b,1.5,2.0,0.0,0.0,0
2026-07-06,8,floor1,occ-floor1-01,22.5,24.0,55.0,0.5,1
2026-07-06,8,floor2,occ-floor2-01,23.0,23.0,55.0,1.0,1
2026-07-06,8,meetingA,occ-meeting-a,22.0,23.0,51.25,1.0,1
2026-07-06,8,meetingB,occ-meeting-b,22.0,24.0,52.5,0.0,0
2026-07-06,9,floor1,occ-floor1-01,30.5,34.0,72.5,0.0,0
2026-07-06,9,floor2,occ-floor2-01,28.0,29.0,66.25,1.0,0
2026-07-06,9,meetingA,occ-meeting-a,24.5,25.0,61.25,1.0,1
2026-07-06,9,meetingB,occ-meeting-b,28.5,31.0,70.0,0.5,1
2026-07-06,10,floor1,occ-floor1-01,33.5,35.0,80.0,0.0,0
2026-07-06,10,floor2,occ-floor2-01,33.0,34.0,78.75,0.5,1
2026-07-06,10,meetingA,occ-meeting-a,31.5,35.0,77.5,0.0,0
2026-07-06,10,meetingB,occ-meeting-b,31.0,32.0,73.75,0.5,1
2026-07-06,11,floor1,occ-floor1-01,34.0,37.0,82.5,0.5,0
2026-07-06,11,floor2,occ-floor2-01,35.0,36.0,86.25,0.5,0
2026-07-06,11,meetingA,occ-meeting-a,36.0,38.0,90.0,1.0,0
2026-07-06,11,meetingB,occ-meeting-b,34.5,35.0,85.0,0.5,0
2026-07-06,12,floor1,occ-floor1-01,38.0,40.0,93.75,1.0,0
2026-07-06,12,floor2,occ-floor2-01,37.5,39.0,91.25,0.5,0
2026-07-06,12,meetingA,occ-meeting-a,37.5,39.0,91.25,1.0,0
2026-07-06,12,meetingB,occ-meeting-b,37.5,39.0,91.25,0.0,0
2026-07-06,13,floor1,occ-floor1-01,39.5,41.0,96.25,0.5,0
2026-07-06,13,floor2,occ-floor2-01,38.5,39.0,93.75,1.0,1
2026-07-06,13,meetingA,occ-meeting-a,36.5,38.0,88.75,1.0,1
2026-07-06,13,meetingB,occ-meeting-b,34.5,37.0,86.25,0.5,0
2026-07-06,14,floor1,occ-floor1-01,40.0,41.0,95.0,0.5,1
2026-07-06,14,floor2,occ-floor2-01,38.5,39.0,92.5,0.5,0
2026-07-06,14,meetingA,occ-meeting-a,36.0,36.0,90.0,0.0,0
2026-07-06,14,meetingB,occ-meeting-b,33.0,34.0,82.5,1.0,0
2026-07-06,15,floor1,occ-floor1-01,32.5,35.0,78.75,0.5,0
2026-07-06,15,floor2,occ-floor2-01,34.5,37.0,83.75,0.5,0
2026-07-06,15,meetingA,occ-meeting-a,37.0,39.0,88.75,0.5,0
2026-07-06,15,meetingB,occ-meeting-b,29.0,30.0,71.25,0.5,1
2026-07-06,16,floor1,occ-floor1-01,26.5,30.0,63.75,0.5,1
2026-07-06,16,floor2,occ-floor2-01,26.0,29.0,62.5,1.0,0
2026-07-06,16,meetingA,occ-meeting-a,28.5,32.0,68.75,0.0,0
2026-07-06,16,meetingB,occ-meeting-b,27.5,30.0,65.0,1.0,1
2026-07-06,17,floor1,occ-floor1-01,17.0,18.0,37.5,0.0,0
2026-07-06,17,floor2,occ-floor2-01,20.0,20.0,48.75,1.0,1
2026-07-06,17,meetingA,occ-meeting-a,19.5,21.0,45.0,1.0,1
2026-07-06,17,meetingB,occ-meeting-b,17.5,19.0,41.25,0.5,0
2026-07-06,18,floor1,occ-floor1-01,10.0,13.0,22.5,0.5,0
2026-07-06,18,floor2,occ-floor2-01,10.0,14.0,23.75,0.5,0
2026-07-06,18,meetingA,occ-meeting-a,9.5,12.0,23.75,0.5,0
2026-07-06,18,meetingB,occ-meeting-b,11.5,16.0,26.25,0.5,0
2026-07-06,19,floor1,occ-floor1-01,1.5,2.0,0.0,0.0,0
2026-07-06,19,floor2,occ-floor2-01,1.5,2.0,0.0,0.0,0
2026-07-06,19,meetingA,occ-meeting-a,1.0,2.0,0.0,0.0,0
2026-07-06,19,meetingB,occ-meeting-b,1.5,2.0,0.0,0.0,0
2026-07-06,20,floor1,occ-floor1-01,0.5,1.0,0.0,0.0,0
2026-07-06,20,floor2,occ-floor2-01,0.0,0.0,0.0,0.0,0
2026-07-06,20,meetingA,occ-meeting-a,1.0,2.0,1.25,0.0,0
2026-07-06,20,meetingB,occ-meeting-b,0.5,1.0,0.0,0.0,0
2026-07-06,21,floor1,occ-floor1-01,2.0,2.0,0.0,0.0,0
2026-07-06,21,floor2,occ-floor2-01,1.0,2.0,0.0,0.0,0
2026-07-06,21,meetingA,occ-meeting-a,1.5,2.0,0.0,0.0,0
2026-07-06,21,meetingB,occ-meeting-b,1.0,2.0,0.0,0.0,0
2026-07-06,22,floor1,occ-floor1-01,0.0,0.0,0.0,0.0,0
2026-07-06,22,floor2,occ-floor2-01,0.5,1.0,0.0,0.0,0
2026-07-06,22,meetingA,occ-meeting-a,2.0,2.0,0.0,0.0,0
2026-07-06,22,meetingB,occ-meeting-b,1.0,2.0,0.0,0.0,0
2026-07-06,23,floor1,occ-floor1-01,2.0,2.0,0.0,0.0,0
2026-07-06,23,floor2,occ-floor2-01,0.0,0.0,0.0,0.0,0
2026-07-06,23,meetingA,occ-meeting-a,1.0,2.0,0.0,0.0,0
2026-07-06,23,meetingB,occ-meeting-b,0.5,1.0,0.0,0.0,0
2026-07-07,0,floor1,occ-floor1-01,1.0,1.0,0.0,0.0,0
2026-07-07,0,floor2,occ-floor2-01,0.5,1.0,0.0,0.0,0
2026-07-07,0,meetingA,occ-meeting-a,1.0,1.0,0.0,0.0,0
2026-07-07,0,meetingB,occ-meeting-b,1.0,1.0,0.0,0.0,0
2026-07-07,1,floor1,occ-floor1-01,0.5,1.0,0.0,0.0,0
2026-07-07,1,floor2,occ-floor2-01,2.5,3.0,1.25,0.0,0
2026-07-07,1,meetingA,occ-meeting-a,1.0,1.0,0.0,0.0,0
2026-07-07,1,meetingB,occ-meeting-b,2.0,2.0,1.25,0.0,0
2026-07-07,2,floor1,occ-floor1-01,1.0,2.0,0.0,0.0,0
2026-07-07,2,floor2,occ-floor2-01,1.5,2.0,0.0,0.0,0
2026-07-07,2,meetingA,occ-meeting-a,1.0,2.0,0.0,0.0,0
2026-07-07,2,meetingB,occ-meeting-b,1.0,2.0,0.0,0.0,0
2026-07-07,3,floor1,occ-floor1-01,2.0,2.0,0.0,0.0,0
2026-07-07,3,floor2,occ-floor2-01,1.0,2.0,0.0,0.0,0
2026-07-07,3,meetingA,occ-meeting-a,0.5,1.0,0.0,0.0,0
2026-07-07,3,meetingB,occ-meeting-b,0.0,0.0,0.0,0.0,0
2026-07-07,4,floor1,occ-floor1-01,1.0,1.0,0.0,0.0,0
2026-07-07,4,floor2,occ-floor2-01,0.0,0.0,0.0,0.0,0
2026-07-07,4,meetingA,occ-meeting-a,1.0,2.0,0.0,0.0,0
2026-07-07,4,meetingB,occ-meeting-b,1.0,2.0,0.0,0.0,0
2026-07-07,5,floor1,occ-floor1-01,1.0,2.0,0.0,0.0,0
2026-07-07,5,floor2,occ-floor2-01,2.0,2.0,0.0,0.0,0
2026-07-07,5,meetingA,occ-meeting-a,1.0,1.0,0.0,0.0,0
2026-07-07,5,meetingB,occ-meeting-b,0.0,0.0,0.0,0.0,0
2026-07-07,6,floor1,occ-floor1-01,1.5,2.0,0.0,0.0,0
2026-07-07,6,floor2,occ-floor2-01,2.0,2.0,0.0,0.0,0
2026-07-07,6,meetingA,occ-meeting-a,1.5,3.0,1.25,0.0,0
2026-07-07,6,meetingB,occ-meeting-b,0.5,1.0,0.0,0.0,0
2026-07-07,7,floor1,occ-floor1-01,0.5,1.0,0.0,0.0,0
2026-07-07,7,floor2,occ-floor2-01,1.5,2.0,0.0,0.0,0
2026-07-07,7,meetingA,occ-meeting-a,1.0,2.0,0.0,0.0,0
2026-07-07,7,meetingB,occ-meeting-b,0.0,0.0,0.0,0.0,0
2026-07-07,8,floor1,occ-floor1-01,23.0,26.0,55.0,0.5,0
2026-07-07,8,floor2,occ-floor2-01,20.5,24.0,48.75,0.0,0
2026-07-07,8,meetingA,occ-meeting-a,22.5,26.0,55.0,1.0,1
2026-07-07,8,meetingB,occ-meeting-b,21.5,22.0,53.75,0.5,0
2026-07-07,9,floor1,occ-floor1-01,29.0,30.0,71.25,1.0,1
2026-07-07,9,floor2,occ-floor2-01,28.0,29.0,67.5,0.5,0
2026-07-07,9,meetingA,occ-meeting-a,30.0,32.0,70.0,1.0,0
2026-07-07,9,meetingB,occ-meeting-b,26.0,30.0,61.25,0.5,1
2026-07-07,10,floor1,occ-floor1-01,33.0,33.0,78.75,1.0,1
2026-07-07,10,floor2,occ-floor2-01,31.5,34.0,76.25,0.5,0
2026-07-07,10,meetingA,occ-meeting-a,29.5,30.0,71.25,0.5,1
2026-07-07,10,meetingB,occ-meeting-b,30.5,31.0,76.25,1.0,1
2026-07-07,11,floor1,occ-floor1-01,34.5,36.0,83.75,0.0,0
2026-07-07,11,floor2,occ-floor2-01,36.0,37.0,87.5,0.5,0
2026-07-07,11,meetingA,occ-meeting-a,35.0,37.0,83.75,0.0,0
2026-07-07,11,meetingB,occ-meeting-b,34.5,35.0,82.5,0.0,0
2026-07-07,12,floor1,occ-floor1-01,37.0,38.0,90.0,1.0,0
2026-07-07,12,floor2,occ-floor2-01,38.0,39.0,92.5,0.0,0
2026-07-07,12,meetingA,occ-meeting-a,36.0,38.0,88.75,0.5,0
2026-07-07,12,meetingB,occ-meeting-b,35.5,37.0,87.5,0.5,0
2026-07-07,13,floor1,occ-floor1-01,37.0,38.0,91.25,1.0,0
2026-07-07,13,floor2,occ-floor2-01,39.5,40.0,96.25,0.0,0
2026-07-07,13,meetingA,occ-meeting-a,36.5,37.0,90.0,0.0,0
2026-07-07,13,meetingB,occ-meeting-b,37.0,39.0,88.75,0.5,0
2026-07-07,14,floor1,occ-floor1-01,38.0,39.0,92.5,1.0,1
2026-07-07,14,floor2,occ-floor2-01,36.0,37.0,88.75,0.0,0
2026-07-07,14,meetingA,occ-meeting-a,38.0,41.0,90.0,0.5,0
2026-07-07,14,meetingB,occ-meeting-b,35.0,36.0,85.0,0.0,0
2026-07-07,15,floor1,occ-floor1-01,35.0,38.0,85.0,1.0,0
2026-07-07,15,floor2,occ-floor2-01,36.0,37.0,87.5,0.5,0
2026-07-07,15,meetingA,occ-meeting-a,32.5,35.0,80.0,0.5,0
2026-07-07,15,meetingB,occ-meeting-b,33.5,34.0,83.75,0.5,0
2026-07-07,16,floor1,occ-floor1-01,27.0,27.0,67.5,1.0,1
2026-07-07,16,floor2,occ-floor2-01,25.0,26.0,58.75,0.5,0
2026-07-07,16,meetingA,occ-meeting-a,26.0,28.0,63.75,1.0,0
2026-07-07,16,meetingB,occ-meeting-b,28.0,32.0,67.5,1.0,0
2026-07-07,17,floor1,occ-floor1-01,19.0,20.0,46.25,0.5,0
2026-07-07,17,floor2,occ-floor2-01,19.0,21.0,45.0,0.0,0
2026-07-07,17,meetingA,occ-meeting-a,19.5,22.0,46.25,0.5,1
2026-07-07,17,meetingB,occ-meeting-b,18.0,21.0,43.75,1.0,1
2026-07-07,18,floor1,occ-floor1-01,12.0,13.0,25.0,1.0,1
2026-07-07,18,floor2,occ-floor2-01,13.5,16.0,32.5,0.5,0
2026-07-07,18,meetingA,occ-meeting-a,12.5,15.0,28.75,0.5,0
2026-07-07,18,meetingB,occ-meeting-b,10.5,13.0,23.75,0.0,0
2026-07-07,19,floor1,occ-floor1-01,1.5,2.0,0.0,0.0,0
2026-07-07,19,floor2,occ-floor2-01,1.0,2.0,0.0,0.0,0
2026-07-07,19,meetingA,occ-meeting-a,1.5,2.0,0.0,0.0,0
2026-07-07,19,meetingB,occ-meeting-b,1.0,2.0,0.0,0.0,0
2026-07-07,20,floor1,occ-floor1-01,0.5,1.0,0.0,0.0,0
2026-07-07,20,floor2,occ-floor2-01,1.0,1.0,0.0,0.0,0
2026-07-07,20,meetingA,occ-meeting-a,0.0,0.0,0.0,0.0,0
2026-07-07,20,meetingB,occ-meeting-b,1.0,1.0,1.25,0.0,0
2026-07-07,21,floor1,occ-floor1-01,1.5,2.0,0.0,0.0,0
2026-07-07,21,floor2,occ-floor2-01,1.0,2.0,0.0,0.0,0
2026-07-07,21,meetingA,occ-meeting-a,0.5,1.0,0.0,0.0,0
2026-07-07,21,meetingB,occ-meeting-b,1.0,1.0,0.0,0.0,0
2026-07-07,22,floor1,occ-floor1-01,2.0,2.0,0.0,0.0,0
2026-07-07,22,floor2,occ-floor2-01,1.5,2.0,0.0,0.0,0
2026-07-07,22,meetingA,occ-meeting-a,1.0,2.0,0.0,0.0,0
2026-07-07,22,meetingB,occ-meeting-b,1.0,2.0,0.0,0.0,0
2026-07-07,23,floor1,occ-floor1-01,0.0,0.0,0.0,0.0,0
2026-07-07,23,floor2,occ-floor2-01,0.5,1.0,0.0,0.0,0
2026-07-07,23,meetingA,occ-meeting-a,0.0,0.0,0.0,0.0,0
2026-07-07,23,meetingB,occ-meeting-b,0.5,1.0,0.0,0.0,0
2026-07-08,0,floor1,occ-floor1-01,1.5,2.0,0.0,0.0,0
2026-07-08,0,floor2,occ-floor2-01,1.5,2.0,0.0,0.0,0
2026-07-08,0,meetingA,occ-meeting-a,1.0,1.0,0.0,0.0,0
2026-07-08,0,meetingB,occ-meeting-b,2.5,3.0,1.25,0.0,0
2026-07-08,1,floor1,occ-floor1-01,1.5,2.0,1.25,0.0,0
2026-07-08,1,floor2,occ-floor2-01,1.5,2.0,1.25,0.0,0
2026-07-08,1,meetingA,occ-meeting-a,0.0,0.0,0.0,0.0,0
2026-07-08,1,meetingB,occ-meeting-b,2.0,2.0,0.0,0.0,0
2026-07-08,2,floor1,occ-floor1-01,2.0,2.0,0.0,0.0,0
2026-07-08,2,floor2,occ-floor2-01,1.0,2.0,0.0,0.0,0
2026-07-08,2,meetingA,occ-meeting-a,1.5,2.0,1.25,0.0,0
2026-07-08,2,meetingB,occ-meeting-b,0.5,1.0,0.0,0.0,0
2026-07-08,3,floor1,occ-floor1-01,0.0,0.0,0.0,0.0,0
2026-07-08,3,floor2,occ-floor2-01,1.5,2.0,0.0,0.0,0
2026-07-08,3,meetingA,occ-meeting-a,0.0,0.0,0.0,0.0,0
2026-07-08,3,meetingB,occ-meeting-b,1.0,1.0,0.0,0.0,0
2026-07-08,4,floor1,occ-floor1-01,0.0,0.0,0.0,0.0,0
2026-07-08,4,floor2,occ-floor2-01,0.5,1.0,1.25,0.0,0
2026-07-08,4,meetingA,occ-meeting-a,1.0,2.0,0.0,0.0,0
2026-07-08,4,meetingB,occ-meeting-b,1.0,2.0,0.0,0.0,0
2026-07-08,5,floor1,occ-floor1-01,1.0,2.0,0.0,0.0,0
2026-07-08,5,floor2,occ-floor2-01,1.5,2.0,0.0,0.0,0
2026-07-08,5,meetingA,occ-meeting-a,0.0,0.0,0.0,0.0,0
2026-07-08,5,meetingB,occ-meeting-b,1.0,1.0,0.0,0.0,0
2026-07-08,6,floor1,occ-floor1-01,0.0,0.0,0.0,0.0,0
2026-07-08,6,floor2,occ-floor2-01,0.0,0.0,0.0,0.0,0
2026-07-08,6,meetingA,occ-meeting-a,0.0,0.0,0.0,0.0,0
2026-07-08,6,meetingB,occ-meeting-b,0.5,1.0,0.0,0.0,0
2026-07-08,7,floor1,occ-floor1-01,0.5,1.0,0.0,0.0,0
2026-07-08,7,floor2,occ-floor2-01,1.5,2.0,0.0,0.0,0
2026-07-08,7,meetingA,occ-meeting-a,0.5,1.0,0.0,0.0,0
2026-07-08,7,meetingB,occ-meeting-b,0.5,1.0,0.0,0.0,0
2026-07-08,8,floor1,occ-floor1-01,24.5,28.0,57.5,1.0,1
2026-07-08,8,floor2,occ-floor2-01,24.0,24.0,57.5,0.5,0
2026-07-08,8,meetingA,occ-meeting-a,22.0,26.0,53.75,0.5,0
2026-07-08,8,meetingB,occ-meeting-b,21.5,25.0,50.0,0.5,0
2026-07-08,9,floor1,occ-floor1-01,29.0,32.0,67.5,0.0,0
2026-07-08,9,floor2,occ-floor2-01,28.0,29.0,67.5,1.0,1
2026-07-08,9,meetingA,occ-meeting-a,28.0,32.0,67.5,0.0,0
2026-07-08,9,meetingB,occ-meeting-b,28.5,29.0,70.0,1.0,0
2026-07-08,10,floor1,occ-floor1-01,32.5,33.0,78.75,0.0,0
2026-07-08,10,floor2,occ-floor2-01,32.5,36.0,77.5,1.0,1
2026-07-08,10,meetingA,occ-meeting-a,33.5,35.0,81.25,1.0,1
2026-07-08,10,meetingB,occ-meeting-b,31.5,33.0,75.0,0.0,0
2026-07-08,11,floor1,occ-floor1-01,36.5,37.0,90.0,0.5,0
2026-07-08,11,floor2,occ-floor2-01,35.5,37.0,85.0,0.5,0
2026-07-08,11,meetingA,occ-meeting-a,35.5,38.0,86.25,1.0,2
2026-07-08,11,meetingB,occ-meeting-b,36.0,38.0,87.5,0.5,1
2026-07-08,12,floor1,occ-floor1-01,38.0,39.0,91.25,0.0,0
2026-07-08,12,floor2,occ-floor2-01,38.0,38.0,93.75,1.0,1
2026-07-08,12,meetingA,occ-meeting-a,33.5,35.0,81.25,0.5,1
2026-07-08,12,meetingB,occ-meeting-b,36.0,38.0,90.0,1.0,0
2026-07-08,13,floor1,occ-floor1-01,36.5,38.0,91.25,1.0,0
2026-07-08,13,floor2,occ-floor2-01,39.0,39.0,96.25,1.0,0
2026-07-08,13,meetingA,occ-meeting-a,38.5,39.0,96.25,0.5,0
2026-07-08,13,meetingB,occ-meeting-b,37.0,41.0,88.75,0.5,1
2026-07-08,14,floor1,occ-floor1-01,38.5,41.0,92.5,0.0,0
2026-07-08,14,floor2,occ-floor2-01,35.5,37.0,88.75,0.0,0
2026-07-08,14,meetingA,occ-meeting-a,37.5,38.0,90.0,1.0,2
2026-07-08,14,meetingB,occ-meeting-b,38.5,40.0,93.75,1.0,1
2026-07-08,15,floor1,occ-floor1-01,36.5,39.0,86.25,0.0,0
2026-07-08,15,floor2,occ-floor2-01,36.0,36.0,85.0,0.5,0
2026-07-08,15,meetingA,occ-meeting-a,35.5,38.0,85.0,0.5,0
2026-07-08,15,meetingB,occ-meeting-b,34.0,34.0,81.25,1.0,0
2026-07-08,16,floor1,occ-floor1-01,30.0,33.0,75.0,1.0,0
2026-07-08,16,floor2,occ-floor2-01,28.0,32.0,67.5,0.0,0
2026-07-08,16,meetingA,occ-meeting-a,26.5,29.0,63.75,1.0,0
2026-07-08,16,meetingB,occ-meeting-b,26.0,31.0,65.0,0.5,0
2026-07-08,17,floor1,occ-floor1-01,16.5,18.0,38.75,0.0,0
2026-07-08,17,floor2,occ-floor2-01,17.0,20.0,40.0,0.5,1
2026-07-08,17,meetingA,occ-meeting-a,21.0,22.0,50.0,0.0,0
2026-07-08,17,meetingB,occ-meeting-b,19.5,23.0,46.25,0.0,0
2026-07-08,18,floor1,occ-floor1-01,14.0,17.0,33.75,0.5,0
2026-07-08,18,floor2,occ-floor2-01,10.5,12.0,25.0,0.5,0
2026-07-08,18,meetingA,occ-meeting-a,11.5,13.0,27.5,0.0,0
2026-07-08,18,meetingB,occ-meeting-b,9.5,11.0,22.5,0.0,0
2026-07-08,19,floor1,occ-floor1-01,0.5,1.0,0.0,0.0,0
2026-07-08,19,floor2,occ-floor2-01,1.0,1.0,0.0,0.0,0
2026-07-08,19,meetingA,occ-meeting-a,0.0,0.0,0.0,0.0,0
2026-07-08,19,meetingB,occ-meeting-b,1.5,2.0,0.0,0.0,0
2026-07-08,20,floor1,occ-floor1-01,1.0,1.0,0.0,0.0,0
2026-07-08,20,floor2,occ-floor2-01,1.5,2.0,0.0,0.0,0
2026-07-08,20,meetingA,occ-meeting-a,1.5,2.0,0.0,0.0,0
2026-07-08,20,meetingB,occ-meeting-b,0.5,1.0,0.0,0.0,0
2026-07-08,21,floor1,occ-floor1-01,2.0,2.0,0.0,0.0,0
2026-07-08,21,floor2,occ-floor2-01,1.5,2.0,0.0,0.0,0
2026-07-08,21,meetingA,occ-meeting-a,0.5,1.0,0.0,0.0,0
2026-07-08,21,meetingB,occ-meeting-b,2.0,2.0,0.0,0.0,0
2026-07-08,22,floor1,occ-floor1-01,1.0,2.0,0.0,0.0,0
2026-07-08,22,floor2,occ-floor2-01,0.5,1.0,0.0,0.0,0
2026-07-08,22,meetingA,occ-meeting-a,1.5,2.0,0.0,0.0,0
2026-07-08,22,meetingB,occ-meeting-b,1.5,2.0,1.25,0.0,0
2026-07-08,23,floor1,occ-floor1-01,2.0,2.0,0.0,0.0,0
2026-07-08,23,floor2,occ-floor2-01,1.0,2.0,0.0,0.0,0
2026-07-08,23,meetingA,occ-meeting-a,1.0,2.0,0.0,0.0,0
2026-07-08,23,meetingB,occ-meeting-b,1.5,2.0,1.25,0.0,0
2026-07-09,0,floor1,occ-floor1-01,0.5,1.0,0.0,0.0,0
2026-07-09,0,floor2,occ-floor2-01,1.0,2.0,0.0,0.0,0
2026-07-09,0,meetingA,occ-meeting-a,2.0,2.0,0.0,0.0,0
2026-07-09,0,meetingB,occ-meeting-b,2.0,2.0,0.0,0.0,0
2026-07-09,1,floor1,occ-floor1-01,2.0,2.0,0.0,0.0,0
2026-07-09,1,floor2,occ-floor2-01,1.0,2.0,0.0,0.0,0
2026-07-09,1,meetingA,occ-meeting-a,1.0,2.0,0.0,0.0,0
2026-07-09,1,meetingB,occ-meeting-b,1.5,2.0,0.0,0.0,0
2026-07-09,2,floor1,occ-floor1-01,2.0,2.0,0.0,0.0,0
2026-07-09,2,floor2,occ-floor2-01,1.0,2.0,0.0,0.0,0
2026-07-09,2,meetingA,occ-meeting-a,1.5,2.0,0.0,0.0,0
2026-07-09,2,meetingB,occ-meeting-b,1.5,2.0,0.0,0.0,0
2026-07-09,3,floor1,occ-floor1-01,2.0,2.0,0.0,0.0,0
2026-07-09,3,floor2,occ-floor2-01,2.0,2.0,0.0,0.0,0
2026-07-09,3,meetingA,occ-meeting-a,2.0,2.0,1.25,0.0,0
2026-07-09,3,meetingB,occ-meeting-b,1.5,2.0,0.0,0.0,0
2026-07-09,4,floor1,occ-floor1-01,0.5,1.0,1.25,0.0,0
2026-07-09,4,floor2,occ-floor2-01,1.0,1.0,0.0,0.0,0
2026-07-09,4,meetingA,occ-meeting-a,2.0,2.0,0.0,0.0,0
2026-07-09,4,meetingB,occ-meeting-b,1.5,2.0,0.0,0.0,0
2026-07-09,5,floor1,occ-floor1-01,1.5,2.0,0.0,0.0,0
2026-07-09,5,floor2,occ-floor2-01,0.5,1.0,0.0,0.0,0
2026-07-09,5,meetingA,occ-meeting-a,1.0,1.0,0.0,0.0,0
2026-07-09,5,meetingB,occ-meeting-b,2.0,2.0,0.0,0.0,0
2026-07-09,6,floor1,occ-floor1-01,1.0,2.0,0.0,0.0,0
2026-07-09,6,floor2,occ-floor2-01,1.5,2.0,0.0,0.0,0
2026-07-09,6,meetingA,occ-meeting-a,0.5,1.0,0.0,0.0,0
2026-07-09,6,meetingB,occ-meeting-b,0.0,0.0,0.0,0.0,0
2026-07-09,7,floor1,occ-floor1-01,1.5,2.0,0.0,0.0,0
2026-07-09,7,floor2,occ-floor2-01,0.5,1.0,0.0,0.0,0
2026-07-09,7,meetingA,occ-meeting-a,1.5,2.0,0.0,0.0,0
2026-07-09,7,meetingB,occ-meeting-b,1.0,1.0,0.0,0.0,0
2026-07-09,8,floor1,occ-floor1-01,18.5,19.0,43.75,0.0,0
2026-07-09,8,floor2,occ-floor2-01,23.0,26.0,55.0,1.0,0
2026-07-09,8,meetingA,occ-meeting-a,21.5,22.0,51.25,0.0,0
2026-07-09,8,meetingB,occ-meeting-b,24.5,25.0,57.5,0.5,0
2026-07-09,9,floor1,occ-floor1-01,28.0,29.0,67.5,1.0,0
2026-07-09,9,floor2,occ-floor2-01,28.0,29.0,67.5,1.0,1
2026-07-09,9,meetingA,occ-meeting-a,28.0,31.0,67.5,0.5,0
2026-07-09,9,meetingB,occ-meeting-b,30.0,32.0,71.25,0.5,0
2026-07-09,10,floor1,occ-floor1-01,33.5,35.0,78.75,1.0,0
2026-07-09,10,floor2,occ-floor2-01,30.5,31.0,75.0,1.0,1
2026-07-09,10,meetingA,occ-meeting-a,32.0,33.0,75.0,0.5,0
2026-07-09,10,meetingB,occ-meeting-b,31.0,32.0,76.25,0.0,0
2026-07-09,11,floor1,occ-floor1-01,38.0,39.0,92.5,0.0,0
2026-07-09,11,floor2,occ-floor2-01,36.0,38.0,87.5,1.0,0
2026-07-09,11,meetingA,occ-meeting-a,34.0,34.0,81.25,0.0,0
2026-07-09,11,meetingB,occ-meeting-b,37.5,38.0,90.0,0.5,0
2026-07-09,12,floor1,occ-floor1-01,37.0,38.0,87.5,0.0,0
2026-07-09,12,floor2,occ-floor2-01,36.0,38.0,87.5,0.5,0
2026-07-09,12,meetingA,occ-meeting-a,35.0,36.0,85.0,0.0,0
2026-07-09,12,meetingB,occ-meeting-b,34.5,36.0,83.75,1.0,0
2026-07-09,13,floor1,occ-floor1-01,37.0,37.0,90.0,0.0,0
2026-07-09,13,floor2,occ-floor2-01,34.0,35.0,82.5,1.0,1
2026-07-09,13,meetingA,occ-meeting-a,38.0,41.0,92.5,1.0,0
2026-07-09,13,meetingB,occ-meeting-b,41.0,42.0,100.0,0.0,0
2026-07-09,14,floor1,occ-floor1-01,36.0,38.0,88.75,0.0,0
2026-07-09,14,floor2,occ-floor2-01,34.5,36.0,86.25,0.5,0
2026-07-09,14,meetingA,occ-meeting-a,37.0,40.0,92.5,0.5,0
2026-07-09,14,meetingB,occ-meeting-b,34.0,35.0,82.5,0.5,0
2026-07-09,15,floor1,occ-floor1-01,34.5,37.0,83.75,0.5,0
2026-07-09,15,floor2,occ-floor2-01,34.5,35.0,83.75,0.5,0
2026-07-09,15,meetingA,occ-meeting-a,33.0,34.0,81.25,0.5,1
2026-07-09,15,meetingB,occ-meeting-b,33.5,34.0,83.75,1.0,0
2026-07-09,16,floor1,occ-floor1-01,27.5,28.0,67.5,0.5,0
2026-07-09,16,floor2,occ-floor2-01,27.5,29.0,68.75,0.5,0
2026-07-09,16,meetingA,occ-meeting-a,27.0,27.0,66.25,1.0,0
2026-07-09,16,meetingB,occ-meeting-b,29.5,30.0,68.75,0.5,0
2026-07-09,17,floor1,occ-floor1-01,19.5,22.0,47.5,1.0,0
2026-07-09,17,floor2,occ-floor2-01,20.0,22.0,48.75,0.5,1
2026-07-09,17,meetingA,occ-meeting-a,18.5,21.0,43.75,0.0,0
2026-07-09,17,meetingB,occ-meeting-b,20.5,21.0,47.5,0.5,0
2026-07-09,18,floor1,occ-floor1-01,10.5,13.0,23.75,0.0,0
2026-07-09,18,floor2,occ-floor2-01,11.5,12.0,27.5,0.5,0
2026-07-09,18,meetingA,occ-meeting-a,9.5,11.0,23.75,0.5,0
2026-07-09,18,meetingB,occ-meeting-b,10.0,10.0,25.0,0.0,0
2026-07-09,19,floor1,occ-floor1-01,0.5,1.0,0.0,0.0,0
2026-07-09,19,floor2,occ-floor2-01,0.5,1.0,0.0,0.0,0
2026-07-09,19,meetingA,occ-meeting-a,2.0,2.0,0.0,0.0,0
2026-07-09,19,meetingB,occ-meeting-b,1.5,3.0,1.25,0.0,0
2026-07-09,20,floor1,occ-floor1-01,0.0,0.0,0.0,0.0,0
2026-07-09,20,floor2,occ-floor2-01,1.5,2.0,1.25,0.0,0
2026-07-09,20,meetingA,occ-meeting-a,0.5,1.0,0.0,0.0,0
2026-07-09,20,meetingB,occ-meeting-b,1.0,2.0,0.0,0.0,0
2026-07-09,21,floor1,occ-floor1-01,1.5,2.0,0.0,0.0,0
2026-07-09,21,floor2,occ-floor2-01,0.0,0.0,0.0,0.0,0
2026-07-09,21,meetingA,occ-meeting-a,0.5,1.0,0.0,0.0,0
2026-07-09,21,meetingB,occ-meeting-b,0.5,1.0,0.0,0.0,0
2026-07-09,22,floor1,occ-floor1-01,1.5,2.0,0.0,0.0,0
2026-07-09,22,floor2,occ-floor2-01,1.5,2.0,0.0,0.0,0
2026-07-09,22,meetingA,occ-meeting-a,1.0,2.0,0.0,0.0,0
2026-07-09,22,meetingB,occ-meeting-b,1.0,2.0,0.0,0.0,0
2026-07-09,23,floor1,occ-floor1-01,2.5,3.0,1.25,0.0,0
2026-07-09,23,floor2,occ-floor2-01,0.5,1.0,0.0,0.0,0
2026-07-09,23,meetingA,occ-meeting-a,0.5,1.0,0.0,0.0,0
2026-07-09,23,meetingB,occ-meeting-b,1.5,2.0,0.0,0.0,0
2026-07-10,0,floor1,occ-floor1-01,1.0,2.0,0.0,0.0,0
2026-07-10,0,floor2,occ-floor2-01,1.0,2.0,0.0,0.0,0
2026-07-10,0,meetingA,occ-meeting-a,1.0,2.0,0.0,0.0,0
2026-07-10,0,meetingB,occ-meeting-b,0.5,1.0,0.0,0.0,0
2026-07-10,1,floor1,occ-floor1-01,1.0,1.0,0.0,0.0,0
2026-07-10,1,floor2,occ-floor2-01,1.0,2.0,0.0,0.0,0
2026-07-10,1,meetingA,occ-meeting-a,0.0,0.0,0.0,0.0,0
2026-07-10,1,meetingB,occ-meeting-b,1.5,2.0,0.0,0.0,0
2026-07-10,2,floor1,occ-floor1-01,2.0,2.0,0.0,0.0,0
2026-07-10,2,floor2,occ-floor2-01,1.5,2.0,0.0,0.0,0
2026-07-10,2,meetingA,occ-meeting-a,1.5,2.0,0.0,0.0,0
2026-07-10,2,meetingB,occ-meeting-b,1.0,2.0,0.0,0.0,0
2026-07-10,3,floor1,occ-floor1-01,1.5,2.0,0.0,0.0,0
2026-07-10,3,floor2,occ-floor2-01,1.5,2.0,0.0,0.0,0
2026-07-10,3,meetingA,occ-meeting-a,1.0,2.0,0.0,0.0,0
2026-07-10,3,meetingB,occ-meeting-b,2.0,2.0,0.0,0.0,0
2026-07-10,4,floor1,occ-floor1-01,1.0,2.0,0.0,0.0,0
2026-07-10,4,floor2,occ-floor2-01,1.5,2.0,0.0,0.0,0
2026-07-10,4,meetingA,occ-meeting-a,0.0,0.0,0.0,0.0,0
2026-07-10,4,meetingB,occ-meeting-b,2.0,2.0,0.0,0.0,0
2026-07-10,5,floor1,occ-floor1-01,0.0,0.0,0.0,0.0,0
2026-07-10,5,floor2,occ-floor2-01,0.5,1.0,0.0,0.0,0
2026-07-10,5,meetingA,occ-meeting-a,2.0,3.0,1.25,0.0,0
2026-07-10,5,meetingB,occ-meeting-b,1.0,2.0,0.0,0.0,0
2026-07-10,6,floor1,occ-floor1-01,1.0,1.0,0.0,0.0,0
2026-07-10,6,floor2,occ-floor2-01,1.0,1.0,0.0,0.0,0
2026-07-10,6,meetingA,occ-meeting-a,0.0,0.0,0.0,0.0,0
2026-07-10,6,meetingB,occ-meeting-b,1.5,2.0,0.0,0.0,0
2026-07-10,7,floor1,occ-floor1-01,1.0,2.0,0.0,0.0,0
2026-07-10,7,floor2,occ-floor2-01,2.0,2.0,0.0,0.0,0
2026-07-10,7,meetingA,occ-meeting-a,0.0,0.0,0.0,0.0,0
2026-07-10,7,meetingB,occ-meeting-b,1.5,2.0,0.0,0.0,0
2026-07-10,8,floor1,occ-floor1-01,21.5,25.0,51.25,1.0,0
2026-07-10,8,floor2,occ-floor2-01,21.0,21.0,50.0,0.5,0
2026-07-10,8,meetingA,occ-meeting-a,22.5,26.0,53.75,0.5,0
2026-07-10,8,meetingB,occ-meeting-b,22.0,25.0,53.75,0.0,0
2026-07-10,9,floor1,occ-floor1-01,25.5,31.0,62.5,0.5,0
2026-07-10,9,floor2,occ-floor2-01,28.5,29.0,70.0,0.5,0
2026-07-10,9,meetingA,occ-meeting-a,27.5,29.0,68.75,1.0,1
2026-07-10,9,meetingB,occ-meeting-b,24.5,25.0,61.25,1.0,0
2026-07-10,10,floor1,occ-floor1-01,31.5,32.0,76.25,0.0,0
2026-07-10,10,floor2,occ-floor2-01,31.0,35.0,73.75,1.0,0
2026-07-10,10,meetingA,occ-meeting-a,34.0,35.0,81.25,0.5,0
2026-07-10,10,meetingB,occ-meeting-b,32.5,33.0,77.5,1.0,0
2026-07-10,11,floor1,occ-floor1-01,32.5,34.0,78.75,1.0,1
2026-07-10,11,floor2,occ-floor2-01,35.5,38.0,86.25,0.5,0
2026-07-10,11,meetingA,occ-meeting-a,35.0,36.0,83.75,0.0,0
2026-07-10,11,meetingB,occ-meeting-b,35.0,36.0,85.0,1.0,2
2026-07-10,12,floor1,occ-floor1-01,39.0,42.0,95.0,0.5,0
2026-07-10,12,floor2,occ-floor2-01,36.5,38.0,90.0,0.5,0
2026-07-10,12,meetingA,occ-meeting-a,36.0,37.0,90.0,1.0,0
2026-07-10,12,meetingB,occ-meeting-b,36.0,37.0,85.0,0.5,0
2026-07-10,13,floor1,occ-floor1-01,39.5,41.0,96.25,0.5,0
2026-07-10,13,floor2,occ-floor2-01,38.0,38.0,91.25,1.0,0
2026-07-10,13,meetingA,occ-meeting-a,37.0,38.0,88.75,0.0,0
2026-07-10,13,meetingB,occ-meeting-b,38.0,39.0,92.5,0.0,0
2026-07-10,14,floor1,occ-floor1-01,37.0,38.0,91.25,0.5,0
2026-07-10,14,floor2,occ-floor2-01,38.5,39.0,93.75,0.5,0
2026-07-10,14,meetingA,occ-meeting-a,38.0,38.0,93.75,1.0,0
2026-07-10,14,meetingB,occ-meeting-b,37.0,38.0,90.0,0.0,0
2026-07-10,15,floor1,occ-floor1-01,33.5,34.0,81.25,0.0,0
2026-07-10,15,floor2,occ-floor2-01,33.0,34.0,77.5,0.5,0
2026-07-10,15,meetingA,occ-meeting-a,33.0,34.0,80.0,0.0,0
2026-07-10,15,meetingB,occ-meeting-b,33.0,36.0,78.75,0.0,0
2026-07-10,16,floor1,occ-floor1-01,24.5,25.0,61.25,1.0,0
2026-07-10,16,floor2,occ-floor2-01,26.5,28.0,62.5,1.0,0
2026-07-10,16,meetingA,occ-meeting-a,30.0,32.0,71.25,0.0,0
2026-07-10,16,meetingB,occ-meeting-b,28.0,31.0,68.75,0.5,0
2026-07-10,17,floor1,occ-floor1-01,19.5,21.0,45.0,1.0,1
2026-07-10,17,floor2,occ-floor2-01,18.0,20.0,40.0,0.0,0
2026-07-10,17,meetingA,occ-meeting-a,20.5,23.0,50.0,0.5,1
2026-07-10,17,meetingB,occ-meeting-b,19.0,19.0,47.5,0.5,0
2026-07-10,18,floor1,occ-floor1-01,9.5,12.0,21.25,0.0,0
2026-07-10,18,floor2,occ-floor2-01,13.0,15.0,28.75,1.0,0
2026-07-10,18,meetingA,occ-meeting-a,11.0,14.0,25.0,0.5,0
2026-07-10,18,meetingB,occ-meeting-b,10.5,13.0,26.25,0.5,1
2026-07-10,19,floor1,occ-floor1-01,1.5,2.0,0.0,0.0,0
2026-07-10,19,floor2,occ-floor2-01,2.0,2.0,0.0,0.0,0
2026-07-10,19,meetingA,occ-meeting-a,1.0,2.0,0.0,0.0,0
2026-07-10,19,meetingB,occ-meeting-b,1.0,2.0,0.0,0.0,0
2026-07-10,20,floor1,occ-floor1-01,1.5,2.0,0.0,0.0,0
2026-07-10,20,floor2,occ-floor2-01,1.0,2.0,0.0,0.0,0
2026-07-10,20,meetingA,occ-meeting-a,0.5,1.0,0.0,0.0,0
2026-07-10,20,meetingB,occ-meeting-b,0.5,1.0,0.0,0.0,0
2026-07-10,21,floor1,occ-floor1-01,1.5,2.0,0.0,0.0,0
2026-07-10,21,floor2,occ-floor2-01,1.5,2.0,0.0,0.0,0
2026-07-10,21,meetingA,occ-meeting-a,1.0,2.0,0.0,0.0,0
2026-07-10,21,meetingB,occ-meeting-b,1.5,2.0,0.0,0.0,0
2026-07-10,22,floor1,occ-floor1-01,1.5,3.0,1.25,0.0,0
2026-07-10,22,floor2,occ-floor2-01,1.5,2.0,0.0,0.0,0
2026-07-10,22,meetingA,occ-meeting-a,1.0,2.0,0.0,0.0,0
2026-07-10,22,meetingB,occ-meeting-b,2.0,2.0,0.0,0.0,0
2026-07-10,23,floor1,occ-floor1-01,1.0,1.0,0.0,0.0,0
2026-07-10,23,floor2,occ-floor2-01,1.5,2.0,0.0,0.0,0
2026-07-10,23,meetingA,occ-meeting-a,0.5,1.0,0.0,0.0,0
2026-07-10,23,meetingB,occ-meeting-b,1.5,2.0,0.0,0.0,0
2026-07-11,0,floor1,occ-floor1-01,1.0,1.0,0.0,0.0,0
2026-07-11,0,floor2,occ-floor2-01,0.5,1.0,0.0,0.0,0
2026-07-11,0,meetingA,occ-meeting-a,1.0,2.0,0.0,0.0,0
2026-07-11,0,meetingB,occ-meeting-b,1.0,2.0,0.0,0.0,0
2026-07-11,1,floor1,occ-floor1-01,2.0,2.0,0.0,0.0,0
2026-07-11,1,floor2,occ-floor2-01,0.5,1.0,0.0,0.0,0
2026-07-11,1,meetingA,occ-meeting-a,2.0,3.0,1.25,0.0,0
2026-07-11,1,meetingB,occ-meeting-b,0.5,1.0,0.0,0.0,0
2026-07-11,2,floor1,occ-floor1-01,1.0,2.0,0.0,0.0,0
2026-07-11,2,floor2,occ-floor2-01,1.0,1.0,1.25,0.0,0
2026-07-11,2,meetingA,occ-meeting-a,1.0,1.0,1.25,0.0,0
2026-07-11,2,meetingB,occ-meeting-b,0.0,0.0,0.0,0.0,0
2026-07-11,3,floor1,occ-floor1-01,0.0,0.0,0.0,0.0,0
2026-07-11,3,floor2,occ-floor2-01,1.5,2.0,0.0,0.0,0
2026-07-11,3,meetingA,occ-meeting-a,1.0,2.0,0.0,0.0,0
2026-07-11,3,meetingB,occ-meeting-b,1.5,2.0,0.0,0.0,0
2026-07-11,4,floor1,occ-floor1-01,0.5,1.0,0.0,0.0,0
2026-07-11,4,floor2,occ-floor2-01,1.5,2.0,0.0,0.0,0
2026-07-11,4,meetingA,occ-meeting-a,1.5,2.0,0.0,0.0,0
2026-07-11,4,meetingB,occ-meeting-b,1.5,2.0,0.0,0.0,0
2026-07-11,5,floor1,occ-floor1-01,2.0,2.0,0.0,0.0,0
2026-07-11,5,floor2,occ-floor2-01,1.0,2.0,0.0,0.0,0
2026-07-11,5,meetingA,occ-meeting-a,1.5,2.0,0.0,0.0,0
2026-07-11,5,meetingB,occ-meeting-b,1.0,2.0,0.0,0.0,0
2026-07-11,6,floor1,occ-floor1-01,2.0,2.0,1.25,0.0,0
2026-07-11,6,floor2,occ-floor2-01,1.5,2.0,0.0,0.0,0
2026-07-11,6,meetingA,occ-meeting-a,0.5,1.0,0.0,0.0,0
2026-07-11,6,meetingB,occ-meeting-b,1.5,2.0,0.0,0.0,0
2026-07-11,7,floor1,occ-floor1-01,0.0,0.0,0.0,0.0,0
2026-07-11,7,floor2,occ-floor2-01,1.0,1.0,0.0,0.0,0
2026-07-11,7,meetingA,occ-meeting-a,1.5,2.0,0.0,0.0,0
2026-07-11,7,meetingB,occ-meeting-b,1.5,2.0,0.0,0.0,0
2026-07-11,8,floor1,occ-floor1-01,1.0,2.0,1.25,0.0,0
2026-07-11,8,floor2,occ-floor2-01,2.0,2.0,0.0,0.0,0
2026-07-11,8,meetingA,occ-meeting-a,0.5,1.0,0.0,0.0,0
2026-07-11,8,meetingB,occ-meeting-b,1.0,2.0,0.0,0.0,0
2026-07-11,9,floor1,occ-floor1-01,1.5,2.0,0.0,0.0,0
2026-07-11,9,floor2,occ-floor2-01,1.5,2.0,1.25,0.0,0
2026-07-11,9,meetingA,occ-meeting-a,0.0,0.0,0.0,0.0,0
2026-07-11,9,meetingB,occ-meeting-b,1.0,2.0,1.25,0.0,0
2026-07-11,10,floor1,occ-floor1-01,1.0,2.0,0.0,0.0,0
2026-07-11,10,floor2,occ-floor2-01,1.5,2.0,0.0,0.0,0
2026-07-11,10,meetingA,occ-meeting-a,1.5,2.0,0.0,0.0,0
2026-07-11,10,meetingB,occ-meeting-b,1.0,1.0,0.0,0.0,0
2026-07-11,11,floor1,occ-floor1-01,1.5,2.0,0.0,0.0,0
2026-07-11,11,floor2,occ-floor2-01,0.0,0.0,0.0,0.0,0
2026-07-11,11,meetingA,occ-meeting-a,1.5,2.0,0.0,0.0,0
2026-07-11,11,meetingB,occ-meeting-b,2.0,3.0,1.25,0.0,0
2026-07-11,12,floor1,occ-floor1-01,1.0,2.0,0.0,0.0,0
2026-07-11,12,floor2,occ-floor2-01,1.0,2.0,0.0,0.0,0
2026-07-11,12,meetingA,occ-meeting-a,1.5,3.0,1.25,0.0,0
2026-07-11,12,meetingB,occ-meeting-b,0.5,1.0,0.0,0.0,0
2026-07-11,13,floor1,occ-floor1-01,1.0,2.0,0.0,0.0,0
2026-07-11,13,floor2,occ-floor2-01,0.5,1.0,0.0,0.0,0
2026-07-11,13,meetingA,occ-meeting-a,1.0,2.0,0.0,0.0,0
2026-07-11,13,meetingB,occ-meeting-b,0.5,1.0,0.0,0.0,0
2026-07-11,14,floor1,occ-floor1-01,1.0,2.0,0.0,0.0,0
2026-07-11,14,floor2,occ-floor2-01,0.5,1.0,0.0,0.0,0
2026-07-11,14,meetingA,occ-meeting-a,1.5,2.0,0.0,0.0,0
2026-07-11,14,meetingB,occ-meeting-b,0.0,0.0,0.0,0.0,0
2026-07-11,15,floor1,occ-floor1-01,0.0,0.0,0.0,0.0,0
2026-07-11,15,floor2,occ-floor2-01,1.0,2.0,0.0,0.0,0
2026-07-11,15,meetingA,occ-meeting-a,1.0,2.0,0.0,0.0,0
2026-07-11,15,meetingB,occ-meeting-b,2.5,3.0,1.25,0.0,0
2026-07-11,16,floor1,occ-floor1-01,0.5,1.0,0.0,0.0,0
2026-07-11,16,floor2,occ-floor2-01,1.0,2.0,0.0,0.0,0
2026-07-11,16,meetingA,occ-meeting-a,0.5,1.0,0.0,0.0,0
2026-07-11,16,meetingB,occ-meeting-b,1.5,2.0,0.0,0.0,0
2026-07-11,17,floor1,occ-floor1-01,2.0,2.0,0.0,0.0,0
2026-07-11,17,floor2,occ-floor2-01,2.0,3.0,1.25,0.0,0
2026-07-11,17,meetingA,occ-meeting-a,1.0,2.0,0.0,0.0,0
2026-07-11,17,meetingB,occ-meeting-b,0.0,0.0,0.0,0.0,0
2026-07-11,18,floor1,occ-floor1-01,1.5,2.0,0.0,0.0,0
2026-07-11,18,floor2,occ-floor2-01,0.5,1.0,0.0,0.0,0
2026-07-11,18,meetingA,occ-meeting-a,0.5,1.0,0.0,0.0,0
2026-07-11,18,meetingB,occ-meeting-b,2.0,3.0,1.25,0.0,0
2026-07-11,19,floor1,occ-floor1-01,0.0,0.0,0.0,0.0,0
2026-07-11,19,floor2,occ-floor2-01,0.5,1.0,0.0,0.0,0
2026-07-11,19,meetingA,occ-meeting-a,1.0,1.0,0.0,0.0,0
2026-07-11,19,meetingB,occ-meeting-b,2.0,3.0,1.25,0.0,0
2026-07-11,20,floor1,occ-floor1-01,2.0,2.0,0.0,0.0,0
2026-07-11,20,floor2,occ-floor2-01,1.5,2.0,0.0,0.0,0
2026-07-11,20,meetingA,occ-meeting-a,0.5,1.0,0.0,0.0,0
2026-07-11,20,meetingB,occ-meeting-b,2.0,2.0,1.25,0.0,0
2026-07-11,21,floor1,occ-floor1-01,0.5,1.0,0.0,0.0,0
2026-07-11,21,floor2,occ-floor2-01,0.5,1.0,0.0,0.0,0
2026-07-11,21,meetingA,occ-meeting-a,0.5,1.0,1.25,0.0,0
2026-07-11,21,meetingB,occ-meeting-b,1.0,2.0,0.0,0.0,0
2026-07-11,22,floor1,occ-floor1-01,0.5,1.0,0.0,0.0,0
2026-07-11,22,floor2,occ-floor2-01,2.0,2.0,1.25,0.0,0
2026-07-11,22,meetingA,occ-meeting-a,1.5,2.0,0.0,0.0,0
2026-07-11,22,meetingB,occ-meeting-b,0.5,1.0,0.0,0.0,0
2026-07-11,23,floor1,occ-floor1-01,1.0,2.0,0.0,0.0,0
2026-07-11,23,floor2,occ-floor2-01,2.0,2.0,0.0,0.0,0
2026-07-11,23,meetingA,occ-meeting-a,0.5,1.0,0.0,0.0,0
2026-07-11,23,meetingB,occ-meeting-b,1.0,1.0,0.0,0.0,0
2026-07-12,0,floor1,occ-floor1-01,1.5,3.0,1.25,0.0,0
2026-07-12,0,floor2,occ-floor2-01,0.5,1.0,0.0,0.0,0
2026-07-12,0,meetingA,occ-meeting-a,0.5,1.0,0.0,0.0,0
2026-07-12,0,meetingB,occ-meeting-b,1.5,2.0,0.0,0.0,0
2026-07-12,1,floor1,occ-floor1-01,0.0,0.0,0.0,0.0,0
2026-07-12,1,floor2,occ-floor2-01,1.5,2.0,0.0,0.0,0
2026-07-12,1,meetingA,occ-meeting-a,1.0,2.0,0.0,0.0,0
2026-07-12,1,meetingB,occ-meeting-b,1.5,2.0,0.0,0.0,0
2026-07-12,2,floor1,occ-floor1-01,2.0,2.0,0.0,0.0,0
2026-07-12,2,floor2,occ-floor2-01,1.0,2.0,0.0,0.0,0
2026-07-12,2,meetingA,occ-meeting-a,1.0,1.0,0.0,0.0,0
2026-07-12,2,meetingB,occ-meeting-b,2.0,2.0,0.0,0.0,0
2026-07-12,3,floor1,occ-floor1-01,0.0,0.0,0.0,0.0,0
2026-07-12,3,floor2,occ-floor2-01,1.5,2.0,1.25,0.0,0
2026-07-12,3,meetingA,occ-meeting-a,1.0,2.0,0.0,0.0,0
2026-07-12,3,meetingB,occ-meeting-b,1.0,1.0,1.25,0.0,0
2026-07-12,4,floor1,occ-floor1-01,1.5,2.0,0.0,0.0,0
2026-07-12,4,floor2,occ-floor2-01,0.5,1.0,0.0,0.0,0
2026-07-12,4,meetingA,occ-meeting-a,0.5,1.0,0.0,0.0,0
2026-07-12,4,meetingB,occ-meeting-b,0.0,0.0,0.0,0.0,0
2026-07-12,5,floor1,occ-floor1-01,1.5,2.0,0.0,0.0,0
2026-07-12,5,floor2,occ-floor2-01,2.0,2.0,0.0,0.0,0
2026-07-12,5,meetingA,occ-meeting-a,0.5,1.0,0.0,0.0,0
2026-07-12,5,meetingB,occ-meeting-b,1.0,1.0,0.0,0.0,0
2026-07-12,6,floor1,occ-floor1-01,1.0,2.0,0.0,0.0,0
2026-07-12,6,floor2,occ-floor2-01,2.0,3.0,1.25,0.0,0
2026-07-12,6,meetingA,occ-meeting-a,0.0,0.0,0.0,0.0,0
2026-07-12,6,meetingB,occ-meeting-b,1.5,2.0,0.0,0.0,0
2026-07-12,7,floor1,occ-floor1-01,1.5,2.0,0.0,0.0,0
2026-07-12,7,floor2,occ-floor2-01,0.5,1.0,0.0,0.0,0
2026-07-12,7,meetingA,occ-meeting-a,2.0,2.0,0.0,0.0,0
2026-07-12,7,meetingB,occ-meeting-b,1.5,2.0,0.0,0.0,0
2026-07-12,8,floor1,occ-floor1-01,1.0,2.0,1.25,0.0,0
2026-07-12,8,floor2,occ-floor2-01,2.0,2.0,0.0,0.0,0
2026-07-12,8,meetingA,occ-meeting-a,1.0,2.0,0.0,0.0,0
2026-07-12,8,meetingB,occ-meeting-b,0.5,1.0,1.25,0.0,0
2026-07-12,9,floor1,occ-floor1-01,1.5,2.0,0.0,0.0,0
2026-07-12,9,floor2,occ-floor2-01,2.0,2.0,0.0,0.0,0
2026-07-12,9,meetingA,occ-meeting-a,1.5,2.0,0.0,0.0,0
2026-07-12,9,meetingB,occ-meeting-b,0.5,1.0,0.0,0.0,0
2026-07-12,10,floor1,occ-floor1-01,0.5,1.0,0.0,0.0,0
2026-07-12,10,floor2,occ-floor2-01,1.0,1.0,0.0,0.0,0
2026-07-12,10,meetingA,occ-meeting-a,1.5,2.0,0.0,0.0,0
2026-07-12,10,meetingB,occ-meeting-b,1.0,1.0,0.0,0.0,0
2026-07-12,11,floor1,occ-floor1-01,1.5,2.0,0.0,0.0,0
2026-07-12,11,floor2,occ-floor2-01,1.0,1.0,0.0,0.0,0
2026-07-12,11,meetingA,occ-meeting-a,0.5,1.0,0.0,0.0,0
2026-07-12,11,meetingB,occ-meeting-b,1.5,2.0,0.0,0.0,0
2026-07-12,12,floor1,occ-floor1-01,1.5,2.0,0.0,0.0,0
2026-07-12,12,floor2,occ-floor2-01,1.0,2.0,0.0,0.0,0
2026-07-12,12,meetingA,occ-meeting-a,0.0,0.0,0.0,0.0,0
2026-07-12,12,meetingB,occ-meeting-b,0.5,1.0,0.0,0.0,0
2026-07-12,13,floor1,occ-floor1-01,1.0,1.0,0.0,0.0,0
2026-07-12,13,floor2,occ-floor2-01,1.5,2.0,0.0,0.0,0
2026-07-12,13,meetingA,occ-meeting-a,1.5,3.0,1.25,0.0,0
2026-07-12,13,meetingB,occ-meeting-b,1.0,1.0,1.25,0.0,0
2026-07-12,14,floor1,occ-floor1-01,0.5,1.0,0.0,0.0,0
2026-07-12,14,floor2,occ-floor2-01,1.0,2.0,0.0,0.0,0
2026-07-12,14,meetingA,occ-meeting-a,0.5,1.0,0.0,0.0,0
2026-07-12,14,meetingB,occ-meeting-b,1.0,2.0,0.0,0.0,0
2026-07-12,15,floor1,occ-floor1-01,1.5,2.0,0.0,0.0,0
2026-07-12,15,floor2,occ-floor2-01,1.5,2.0,0.0,0.0,0
2026-07-12,15,meetingA,occ-meeting-a,1.5,2.0,0.0,0.0,0
2026-07-12,15,meetingB,occ-meeting-b,1.5,3.0,1.25,0.0,0
2026-07-12,16,floor1,occ-floor1-01,2.0,2.0,0.0,0.0,0
2026-07-12,16,floor2,occ-floor2-01,0.0,0.0,0.0,0.0,0
2026-07-12,16,meetingA,occ-meeting-a,0.5,1.0,0.0,0.0,0
2026-07-12,16,meetingB,occ-meeting-b,0.0,0.0,0.0,0.0,0
2026-07-12,17,floor1,occ-floor1-01,0.0,0.0,0.0,0.0,0
2026-07-12,17,floor2,occ-floor2-01,1.5,2.0,0.0,0.0,0
2026-07-12,17,meetingA,occ-meeting-a,1.5,2.0,0.0,0.0,0
2026-07-12,17,meetingB,occ-meeting-b,1.0,2.0,0.0,0.0,0
2026-07-12,18,floor1,occ-floor1-01,1.0,2.0,0.0,0.0,0
2026-07-12,18,floor2,occ-floor2-01,1.5,2.0,0.0,0.0,0
2026-07-12,18,meetingA,occ-meeting-a,2.0,2.0,0.0,0.0,0
2026-07-12,18,meetingB,occ-meeting-b,1.0,1.0,0.0,0.0,0
2026-07-12,19,floor1,occ-floor1-01,1.0,1.0,0.0,0.0,0
2026-07-12,19,floor2,occ-floor2-01,2.0,2.0,1.25,0.0,0
2026-07-12,19,meetingA,occ-meeting-a,1.0,2.0,0.0,0.0,0
2026-07-12,19,meetingB,occ-meeting-b,1.0,2.0,0.0,0.0,0
2026-07-12,20,floor1,occ-floor1-01,0.0,0.0,0.0,0.0,0
2026-07-12,20,floor2,occ-floor2-01,1.5,3.0,1.25,0.0,0
2026-07-12,20,meetingA,occ-meeting-a,1.0,2.0,0.0,0.0,0
2026-07-12,20,meetingB,occ-meeting-b,1.0,2.0,0.0,0.0,0
2026-07-12,21,floor1,occ-floor1-01,0.5,1.0,0.0,0.0,0
2026-07-12,21,floor2,occ-floor2-01,1.5,2.0,0.0,0.0,0
2026-07-12,21,meetingA,occ-meeting-a,0.5,1.0,0.0,0.0,0
2026-07-12,21,meetingB,occ-meeting-b,0.5,1.0,0.0,0.0,0
2026-07-12,22,floor1,occ-floor1-01,1.0,2.0,0.0,0.0,0
2026-07-12,22,floor2,occ-floor2-01,1.0,2.0,0.0,0.0,0
2026-07-12,22,meetingA,occ-meeting-a,1.5,2.0,0.0,0.0,0
2026-07-12,22,meetingB,occ-meeting-b,0.0,0.0,0.0,0.0,0
2026-07-12,23,floor1,occ-floor1-01,0.0,0.0,0.0,0.0,0
2026-07-12,23,floor2,occ-floor2-01,1.5,2.0,0.0,0.0,0
2026-07-12,23,meetingA,occ-meeting-a,1.0,2.0,0.0,0.0,0
2026-07-12,23,meetingB,occ-meeting-b,0.5,1.0,0.0,0.0,0
2026-07-13,0,floor1,occ-floor1-01,0.5,1.0,0.0,0.0,0
2026-07-13,0,floor2,occ-floor2-01,1.5,2.0,0.0,0.0,0
2026-07-13,0,meetingA,occ-meeting-a,0.5,1.0,0.0,0.0,0
2026-07-13,0,meetingB,occ-meeting-b,0.0,0.0,0.0,0.0,0
2026-07-13,1,floor1,occ-floor1-01,2.5,3.0,1.25,0.0,0
2026-07-13,1,floor2,occ-floor2-01,1.0,2.0,0.0,0.0,0
2026-07-13,1,meetingA,occ-meeting-a,1.5,2.0,0.0,0.0,0
2026-07-13,1,meetingB,occ-meeting-b,0.5,1.0,0.0,0.0,0
2026-07-13,2,floor1,occ-floor1-01,1.0,2.0,0.0,0.0,0
2026-07-13,2,floor2,occ-floor2-01,2.0,2.0,0.0,0.0,0
2026-07-13,2,meetingA,occ-meeting-a,2.0,3.0,1.25,0.0,0
2026-07-13,2,meetingB,occ-meeting-b,2.5,3.0,1.25,0.0,0
2026-07-13,3,floor1,occ-floor1-01,1.5,2.0,1.25,0.0,0
2026-07-13,3,floor2,occ-floor2-01,1.0,2.0,0.0,0.0,0
2026-07-13,3,meetingA,occ-meeting-a,1.0,2.0,0.0,0.0,0
2026-07-13,3,meetingB,occ-meeting-b,1.0,2.0,0.0,0.0,0
2026-07-13,4,floor1,occ-floor1-01,1.0,1.0,0.0,0.0,0
2026-07-13,4,floor2,occ-floor2-01,1.5,2.0,0.0,0.0,0
2026-07-13,4,meetingA,occ-meeting-a,1.5,2.0,0.0,0.0,0
2026-07-13,4,meetingB,occ-meeting-b,2.0,2.0,0.0,0.0,0
2026-07-13,5,floor1,occ-floor1-01,2.0,2.0,1.25,0.0,0
2026-07-13,5,floor2,occ-floor2-01,1.0,1.0,0.0,0.0,0
2026-07-13,5,meetingA,occ-meeting-a,1.0,2.0,0.0,0.0,0
2026-07-13,5,meetingB,occ-meeting-b,2.0,2.0,0.0,0.0,0
2026-07-13,6,floor1,occ-floor1-01,1.5,2.0,0.0,0.0,0
2026-07-13,6,floor2,occ-floor2-01,0.0,0.0,0.0,0.0,0
2026-07-13,6,meetingA,occ-meeting-a,0.5,1.0,0.0,0.0,0
2026-07-13,6,meetingB,occ-meeting-b,1.0,2.0,0.0,0.0,0
2026-07-13,7,floor1,occ-floor1-01,1.5,2.0,0.0,0.0,0
2026-07-13,7,floor2,occ-floor2-01,0.5,1.0,0.0,0.0,0
2026-07-13,7,meetingA,occ-meeting-a,1.5,2.0,1.25,0.0,0
2026-07-13,7,meetingB,occ-meeting-b,2.0,3.0,1.25,0.0,0
2026-07-13,8,floor1,occ-floor1-01,23.5,25.0,55.0,0.5,0
2026-07-13,8,floor2,occ-floor2-01,21.5,23.0,52.5,0.5,0
2026-07-13,8,meetingA,occ-meeting-a,21.0,24.0,51.25,0.5,0
2026-07-13,8,meetingB,occ-meeting-b,22.0,23.0,51.25,0.5,1
2026-07-13,9,floor1,occ-floor1-01,28.0,30.0,67.5,0.5,0
2026-07-13,9,floor2,occ-floor2-01,26.0,27.0,61.25,0.0,0
2026-07-13,9,meetingA,occ-meeting-a,27.0,29.0,67.5,1.0,0
2026-07-13,9,meetingB,occ-meeting-b,26.5,27.0,63.75,0.0,0
2026-07-13,10,floor1,occ-floor1-01,32.0,33.0,75.0,0.0,0
2026-07-13,10,floor2,occ-floor2-01,31.0,33.0,73.75,0.0,0
2026-07-13,10,meetingA,occ-meeting-a,31.0,31.0,76.25,1.0,0
2026-07-13,10,meetingB,occ-meeting-b,31.5,32.0,77.5,0.0,0
2026-07-13,11,floor1,occ-floor1-01,34.0,35.0,81.25,1.0,0
2026-07-13,11,floor2,occ-floor2-01,36.0,36.0,86.25,0.5,0
2026-07-13,11,meetingA,occ-meeting-a,34.0,36.0,82.5,1.0,0
2026-07-13,11,meetingB,occ-meeting-b,31.5,34.0,77.5,1.0,1
2026-07-13,12,floor1,occ-floor1-01,36.5,38.0,90.0,0.5,0
2026-07-13,12,floor2,occ-floor2-01,36.5,37.0,88.75,0.5,0
2026-07-13,12,meetingA,occ-meeting-a,36.0,37.0,88.75,1.0,0
2026-07-13,12,meetingB,occ-meeting-b,36.0,37.0,87.5,0.5,1
2026-07-13,13,floor1,occ-floor1-01,39.5,40.0,97.5,0.0,0
2026-07-13,13,floor2,occ-floor2-01,38.5,39.0,93.75,0.5,1
2026-07-13,13,meetingA,occ-meeting-a,40.5,41.0,96.25,1.0,0
2026-07-13,13,meetingB,occ-meeting-b,38.5,39.0,92.5,1.0,1
2026-07-13,14,floor1,occ-floor1-01,36.0,38.0,88.75,0.5,1
2026-07-13,14,floor2,occ-floor2-01,37.5,38.0,90.0,1.0,0
2026-07-13,14,meetingA,occ-meeting-a,35.5,38.0,85.0,0.0,0
2026-07-13,14,meetingB,occ-meeting-b,37.5,38.0,90.0,0.5,0
2026-07-13,15,floor1,occ-floor1-01,33.0,34.0,78.75,0.5,0
2026-07-13,15,floor2,occ-floor2-01,33.0,34.0,78.75,0.5,1
2026-07-13,15,meetingA,occ-meeting-a,33.0,35.0,81.25,1.0,0
2026-07-13,15,meetingB,occ-meeting-b,31.5,32.0,75.0,1.0,1
2026-07-13,16,floor1,occ-floor1-01,28.5,30.0,66.25,0.0,0
2026-07-13,16,floor2,occ-floor2-01,26.5,28.0,63.75,0.5,1
2026-07-13,16,meetingA,occ-meeting-a,27.5,29.0,68.75,0.5,0
2026-07-13,16,meetingB,occ-meeting-b,28.0,29.0,67.5,0.5,1
2026-07-13,17,floor1,occ-floor1-01,20.5,24.0,47.5,0.5,0
2026-07-13,17,floor2,occ-floor2-01,19.5,20.0,47.5,1.0,0
2026-07-13,17,meetingA,occ-meeting-a,18.5,23.0,42.5,0.0,0
2026-07-13,17,meetingB,occ-meeting-b,18.5,20.0,46.25,1.0,0
2026-07-13,18,floor1,occ-floor1-01,11.0,12.0,25.0,0.0,0
2026-07-13,18,floor2,occ-floor2-01,10.5,13.0,22.5,1.0,1
2026-07-13,18,meetingA,occ-meeting-a,13.0,15.0,28.75,0.5,0
2026-07-13,18,meetingB,occ-meeting-b,12.0,14.0,27.5,0.5,0
2026-07-13,19,floor1,occ-floor1-01,1.5,2.0,1.25,0.0,0
2026-07-13,19,floor2,occ-floor2-01,1.5,3.0,1.25,0.0,0
2026-07-13,19,meetingA,occ-meeting-a,1.5,2.0,0.0,0.0,0
2026-07-13,19,meetingB,occ-meeting-b,1.5,2.0,0.0,0.0,0
2026-07-13,20,floor1,occ-floor1-01,1.0,2.0,0.0,0.0,0
2026-07-13,20,floor2,occ-floor2-01,1.5,2.0,0.0,0.0,0
2026-07-13,20,meetingA,occ-meeting-a,0.0,0.0,0.0,0.0,0
2026-07-13,20,meetingB,occ-meeting-b,1.5,2.0,0.0,0.0,0
2026-07-13,21,floor1,occ-floor1-01,1.0,2.0,0.0,0.0,0
2026-07-13,21,floor2,occ-floor2-01,1.0,2.0,0.0,0.0,0
2026-07-13,21,meetingA,occ-meeting-a,1.0,2.0,1.25,0.0,0
2026-07-13,21,meetingB,occ-meeting-b,1.5,2.0,0.0,0.0,0
2026-07-13,22,floor1,occ-floor1-01,2.0,2.0,0.0,0.0,0
2026-07-13,22,floor2,occ-floor2-01,0.5,1.0,1.25,0.0,0
2026-07-13,22,meetingA,occ-meeting-a,1.0,2.0,0.0,0.0,0
2026-07-13,22,meetingB,occ-meeting-b,0.5,1.0,0.0,0.0,0
2026-07-13,23,floor1,occ-floor1-01,1.0,1.0,0.0,0.0,0
2026-07-13,23,floor2,occ-floor2-01,0.5,1.0,0.0,0.0,0
2026-07-13,23,meetingA,occ-meeting-a,0.5,1.0,0.0,0.0,0
2026-07-13,23,meetingB,occ-meeting-b,0.5,1.0,0.0,0.0,0
2026-07-14,0,floor1,occ-floor1-01,1.0,1.0,0.0,0.0,0
2026-07-14,0,floor2,occ-floor2-01,1.0,1.0,0.0,0.0,0
2026-07-14,0,meetingA,occ-meeting-a,1.5,2.0,1.25,0.0,0
2026-07-14,0,meetingB,occ-meeting-b,0.0,0.0,0.0,0.0,0
2026-07-14,1,floor1,occ-floor1-01,1.0,2.0,0.0,0.0,0
2026-07-14,1,floor2,occ-floor2-01,1.0,2.0,0.0,0.0,0
2026-07-14,1,meetingA,occ-meeting-a,0.5,1.0,0.0,0.0,0
2026-07-14,1,meetingB,occ-meeting-b,0.5,1.0,0.0,0.0,0
2026-07-14,2,floor1,occ-floor1-01,1.5,2.0,0.0,0.0,0
2026-07-14,2,floor2,occ-floor2-01,1.0,1.0,0.0,0.0,0
2026-07-14,2,meetingA,occ-meeting-a,2.0,2.0,0.0,0.0,0
2026-07-14,2,meetingB,occ-meeting-b,1.5,3.0,1.25,0.0,0
2026-07-14,3,floor1,occ-floor1-01,0.5,1.0,0.0,0.0,0
2026-07-14,3,floor2,occ-floor2-01,1.5,2.0,1.25,0.0,0
2026-07-14,3,meetingA,occ-meeting-a,0.0,0.0,0.0,0.0,0
2026-07-14,3,meetingB,occ-meeting-b,1.0,2.0,0.0,0.0,0
2026-07-14,4,floor1,occ-floor1-01,1.0,1.0,0.0,0.0,0
2026-07-14,4,floor2,occ-floor2-01,2.5,3.0,1.25,0.0,0
2026-07-14,4,meetingA,occ-meeting-a,1.5,2.0,0.0,0.0,0
2026-07-14,4,meetingB,occ-meeting-b,0.0,0.0,0.0,0.0,0
2026-07-14,5,floor1,occ-floor1-01,2.0,2.0,0.0,0.0,0
2026-07-14,5,floor2,occ-floor2-01,1.5,2.0,0.0,0.0,0
2026-07-14,5,meetingA,occ-meeting-a,0.0,0.0,0.0,0.0,0
2026-07-14,5,meetingB,occ-meeting-b,0.5,1.0,0.0,0.0,0
2026-07-14,6,floor1,occ-floor1-01,0.5,1.0,0.0,0.0,0
2026-07-14,6,floor2,occ-floor2-01,1.5,2.0,0.0,0.0,0
2026-07-14,6,meetingA,occ-meeting-a,1.5,2.0,0.0,0.0,0
2026-07-14,6,meetingB,occ-meeting-b,1.5,2.0,0.0,0.0,0
2026-07-14,7,floor1,occ-floor1-01,1.0,2.0,0.0,0.0,0
2026-07-14,7,floor2,occ-floor2-01,1.0,2.0,0.0,0.0,0
2026-07-14,7,meetingA,occ-meeting-a,0.5,1.0,0.0,0.0,0
2026-07-14,7,meetingB,occ-meeting-b,1.5,2.0,0.0,0.0,0
2026-07-14,8,floor1,occ-floor1-01,22.5,23.0,55.0,0.5,0
2026-07-14,8,floor2,occ-floor2-01,21.5,22.0,52.5,0.5,0
2026-07-14,8,meetingA,occ-meeting-a,23.0,24.0,52.5,0.0,0
2026-07-14,8,meetingB,occ-meeting-b,20.5,23.0,50.0,0.5,0
2026-07-14,9,floor1,occ-floor1-01,28.5,30.0,70.0,1.0,0
2026-07-14,9,floor2,occ-floor2-01,24.0,27.0,60.0,0.0,0
2026-07-14,9,meetingA,occ-meeting-a,27.0,28.0,66.25,1.0,1
2026-07-14,9,meetingB,occ-meeting-b,27.0,29.0,66.25,0.5,1
2026-07-14,10,floor1,occ-floor1-01,30.0,31.0,75.0,0.5,0
2026-07-14,10,floor2,occ-floor2-01,32.5,34.0,78.75,0.5,1
2026-07-14,10,meetingA,occ-meeting-a,32.0,32.0,77.5,0.5,0
2026-07-14,10,meetingB,occ-meeting-b,31.0,31.0,76.25,0.5,1
2026-07-14,11,floor1,occ-floor1-01,35.0,37.0,83.75,0.0,0
2026-07-14,11,floor2,occ-floor2-01,33.5,35.0,78.75,0.5,0
2026-07-14,11,meetingA,occ-meeting-a,34.5,35.0,85.0,1.0,1
2026-07-14,11,meetingB,occ-meeting-b,37.5,38.0,91.25,0.0,0
2026-07-14,12,floor1,occ-floor1-01,37.0,38.0,90.0,0.0,0
2026-07-14,12,floor2,occ-floor2-01,36.0,40.0,85.0,0.5,1
2026-07-14,12,meetingA,occ-meeting-a,36.5,39.0,88.75,0.5,0
2026-07-14,12,meetingB,occ-meeting-b,35.5,37.0,86.25,1.0,0
2026-07-14,13,floor1,occ-floor1-01,39.5,40.0,97.5,0.5,0
2026-07-14,13,floor2,occ-floor2-01,33.5,35.0,82.5,0.0,0
2026-07-14,13,meetingA,occ-meeting-a,39.0,40.0,93.75,0.0,0
2026-07-14,13,meetingB,occ-meeting-b,40.0,40.0,97.5,1.0,1
2026-07-14,14,floor1,occ-floor1-01,38.0,41.0,91.25,1.0,1
2026-07-14,14,floor2,occ-floor2-01,36.5,37.0,90.0,0.0,0
2026-07-14,14,meetingA,occ-meeting-a,33.0,33.0,82.5,1.0,0
2026-07-14,14,meetingB,occ-meeting-b,35.5,36.0,83.75,1.0,0
2026-07-14,15,floor1,occ-floor1-01,34.5,36.0,82.5,1.0,0
2026-07-14,15,floor2,occ-floor2-01,33.5,35.0,82.5,1.0,0
2026-07-14,15,meetingA,occ-meeting-a,34.5,37.0,85.0,1.0,0
2026-07-14,15,meetingB,occ-meeting-b,34.0,34.0,81.25,0.0,0
2026-07-14,16,floor1,occ-floor1-01,28.5,32.0,70.0,1.0,0
2026-07-14,16,floor2,occ-floor2-01,29.0,32.0,68.75,1.0,0
2026-07-14,16,meetingA,occ-meeting-a,25.5,27.0,58.75,0.5,0
2026-07-14,16,meetingB,occ-meeting-b,26.5,29.0,65.0,1.0,1
2026-07-14,17,floor1,occ-floor1-01,19.0,19.0,45.0,0.5,0
2026-07-14,17,floor2,occ-floor2-01,19.5,23.0,46.25,0.5,0
2026-07-14,17,meetingA,occ-meeting-a,20.5,22.0,48.75,0.0,0
2026-07-14,17,meetingB,occ-meeting-b,22.5,23.0,52.5,0.5,0
2026-07-14,18,floor1,occ-floor1-01,11.5,12.0,27.5,1.0,1
2026-07-14,18,floor2,occ-floor2-01,12.5,13.0,28.75,0.5,1
2026-07-14,18,meetingA,occ-meeting-a,11.0,12.0,23.75,0.5,1
2026-07-14,18,meetingB,occ-meeting-b,14.5,15.0,32.5,1.0,1
2026-07-14,19,floor1,occ-floor1-01,0.5,1.0,0.0,0.0,0
2026-07-14,19,floor2,occ-floor2-01,2.5,3.0,1.25,0.0,0
2026-07-14,19,meetingA,occ-meeting-a,2.0,2.0,0.0,0.0,0
2026-07-14,19,meetingB,occ-meeting-b,1.0,2.0,0.0,0.0,0
2026-07-14,20,floor1,occ-floor1-01,1.0,2.0,0.0,0.0,0
2026-07-14,20,floor2,occ-floor2-01,0.5,1.0,1.25,0.0,0
2026-07-14,20,meetingA,occ-meeting-a,0.5,1.0,0.0,0.0,0
2026-07-14,20,meetingB,occ-meeting-b,2.0,2.0,0.0,0.0,0
2026-07-14,21,floor1,occ-floor1-01,2.0,2.0,0.0,0.0,0
2026-07-14,21,floor2,occ-floor2-01,0.0,0.0,0.0,0.0,0
2026-07-14,21,meetingA,occ-meeting-a,1.0,2.0,0.0,0.0,0
2026-07-14,21,meetingB,occ-meeting-b,0.0,0.0,0.0,0.0,0
2026-07-14,22,floor1,occ-floor1-01,1.5,2.0,0.0,0.0,0
2026-07-14,22,floor2,occ-floor2-01,1.5,2.0,0.0,0.0,0
2026-07-14,22,meetingA,occ-meeting-a,1.5,3.0,1.25,0.0,0
2026-07-14,22,meetingB,occ-meeting-b,0.5,1.0,0.0,0.0,0
2026-07-14,23,floor1,occ-floor1-01,0.0,0.0,0.0,0.0,0
2026-07-14,23,floor2,occ-floor2-01,0.5,1.0,0.0,0.0,0
2026-07-14,23,meetingA,occ-meeting-a,0.5,1.0,0.0,0.0,0
2026-07-14,23,meetingB,occ-meeting-b,0.0,0.0,0.0,0.0,0
2026-07-15,0,floor1,occ-floor1-01,1.5,2.0,0.0,0.0,0
2026-07-15,0,floor2,occ-floor2-01,0.0,0.0,0.0,0.0,0
2026-07-15,0,meetingA,occ-meeting-a,1.0,2.0,0.0,0.0,0
2026-07-15,0,meetingB,occ-meeting-b,0.0,0.0,0.0,0.0,0
2026-07-15,1,floor1,occ-floor1-01,1.0,2.0,0.0,0.0,0
2026-07-15,1,floor2,occ-floor2-01,1.5,2.0,0.0,0.0,0
2026-07-15,1,meetingA,occ-meeting-a,1.5,2.0,0.0,0.0,0
2026-07-15,1,meetingB,occ-meeting-b,2.0,2.0,0.0,0.0,0
2026-07-15,2,floor1,occ-floor1-01,2.0,2.0,0.0,0.0,0
2026-07-15,2,floor2,occ-floor2-01,0.5,1.0,0.0,0.0,0
2026-07-15,2,meetingA,occ-meeting-a,1.5,2.0,0.0,0.0,0
2026-07-15,2,meetingB,occ-meeting-b,1.0,1.0,0.0,0.0,0
2026-07-15,3,floor1,occ-floor1-01,0.5,1.0,0.0,0.0,0
2026-07-15,3,floor2,occ-floor2-01,1.5,2.0,0.0,0.0,0
2026-07-15,3,meetingA,occ-meeting-a,0.5,1.0,0.0,0.0,0
2026-07-15,3,meetingB,occ-meeting-b,0.0,0.0,0.0,0.0,0
2026-07-15,4,floor1,occ-floor1-01,0.5,1.0,1.25,0.0,0
2026-07-15,4,floor2,occ-floor2-01,0.5,1.0,0.0,0.0,0
2026-07-15,4,meetingA,occ-meeting-a,1.0,1.0,0.0,0.0,0
2026-07-15,4,meetingB,occ-meeting-b,1.0,1.0,0.0,0.0,0
2026-07-15,5,floor1,occ-floor1-01,1.0,2.0,0.0,0.0,0
2026-07-15,5,floor2,occ-floor2-01,2.0,2.0,0.0,0.0,0
2026-07-15,5,meetingA,occ-meeting-a,1.5,2.0,0.0,0.0,0
2026-07-15,5,meetingB,occ-meeting-b,1.0,1.0,0.0,0.0,0
2026-07-15,6,floor1,occ-floor1-01,1.0,2.0,0.0,0.0,0
2026-07-15,6,floor2,occ-floor2-01,1.0,2.0,0.0,0.0,0
2026-07-15,6,meetingA,occ-meeting-a,1.5,2.0,0.0,0.0,0
2026-07-15,6,meetingB,occ-meeting-b,0.5,1.0,0.0,0.0,0
2026-07-15,7,floor1,occ-floor1-01,0.5,1.0,0.0,0.0,0
2026-07-15,7,floor2,occ-floor2-01,1.5,2.0,1.25,0.0,0
2026-07-15,7,meetingA,occ-meeting-a,0.5,1.0,0.0,0.0,0
2026-07-15,7,meetingB,occ-meeting-b,0.5,1.0,0.0,0.0,0
2026-07-15,8,floor1,occ-floor1-01,21.5,25.0,50.0,0.0,0
2026-07-15,8,floor2,occ-floor2-01,20.0,21.0,48.75,0.5,0
2026-07-15,8,meetingA,occ-meeting-a,21.5,24.0,53.75,1.0,1
2026-07-15,8,meetingB,occ-meeting-b,23.0,24.0,53.75,1.0,0
2026-07-15,9,floor1,occ-floor1-01,27.0,31.0,66.25,0.0,0
2026-07-15,9,floor2,occ-floor2-01,26.0,28.0,62.5,0.5,0
2026-07-15,9,meetingA,occ-meeting-a,25.5,26.0,62.5,0.0,0
2026-07-15,9,meetingB,occ-meeting-b,28.0,29.0,67.5,0.0,0
2026-07-15,10,floor1,occ-floor1-01,31.5,34.0,76.25,0.5,0
2026-07-15,10,floor2,occ-floor2-01,31.5,32.0,73.75,0.5,0
2026-07-15,10,meetingA,occ-meeting-a,32.5,34.0,78.75,0.5,1
2026-07-15,10,meetingB,occ-meeting-b,34.0,35.0,82.5,1.0,1
2026-07-15,11,floor1,occ-floor1-01,37.0,40.0,87.5,0.0,0
2026-07-15,11,floor2,occ-floor2-01,35.0,35.0,87.5,1.0,1
2026-07-15,11,meetingA,occ-meeting-a,35.5,37.0,83.75,0.0,0
2026-07-15,11,meetingB,occ-meeting-b,32.5,33.0,80.0,0.5,0
2026-07-15,12,floor1,occ-floor1-01,32.5,33.0,81.25,1.0,0
2026-07-15,12,floor2,occ-floor2-01,39.5,40.0,97.5,0.0,0
2026-07-15,12,meetingA,occ-meeting-a,36.0,36.0,87.5,0.5,0
2026-07-15,12,meetingB,occ-meeting-b,34.0,36.0,85.0,1.0,2
2026-07-15,13,floor1,occ-floor1-01,38.0,38.0,95.0,0.0,0
2026-07-15,13,floor2,occ-floor2-01,36.5,38.0,90.0,0.5,1
2026-07-15,13,meetingA,occ-meeting-a,38.5,40.0,92.5,0.5,0
2026-07-15,13,meetingB,occ-meeting-b,39.0,40.0,97.5,1.0,1
2026-07-15,14,floor1,occ-floor1-01,33.5,35.0,83.75,0.0,0
2026-07-15,14,floor2,occ-floor2-01,35.5,38.0,87.5,1.0,0
2026-07-15,14,meetingA,occ-meeting-a,35.5,36.0,87.5,1.0,0
2026-07-15,14,meetingB,occ-meeting-b,38.5,40.0,93.75,1.0,0
2026-07-15,15,floor1,occ-floor1-01,30.5,32.0,73.75,0.0,0
2026-07-15,15,floor2,occ-floor2-01,34.5,35.0,82.5,0.5,0
2026-07-15,15,meetingA,occ-meeting-a,33.0,35.0,78.75,0.5,1
2026-07-15,15,meetingB,occ-meeting-b,35.5,38.0,85.0,0.5,0
2026-07-15,16,floor1,occ-floor1-01,25.5,28.0,61.25,0.5,0
2026-07-15,16,floor2,occ-floor2-01,28.0,29.0,68.75,0.5,0
2026-07-15,16,meetingA,occ-meeting-a,28.5,31.0,67.5,0.5,0
2026-07-15,16,meetingB,occ-meeting-b,29.5,31.0,71.25,0.0,0
2026-07-15,17,floor1,occ-floor1-01,18.5,20.0,46.25,1.0,1
2026-07-15,17,floor2,occ-floor2-01,19.5,23.0,46.25,0.5,0
2026-07-15,17,meetingA,occ-meeting-a,20.5,22.0,48.75,0.0,0
2026-07-15,17,meetingB,occ-meeting-b,20.0,22.0,46.25,1.0,1
2026-07-15,18,floor1,occ-floor1-01,13.0,14.0,28.75,0.5,0
2026-07-15,18,floor2,occ-floor2-01,10.5,13.0,23.75,0.5,1
2026-07-15,18,meetingA,occ-meeting-a,14.0,19.0,31.25,0.5,1
2026-07-15,18,meetingB,occ-meeting-b,10.5,13.0,22.5,0.0,0
2026-07-15,19,floor1,occ-floor1-01,1.5,2.0,1.25,0.0,0
2026-07-15,19,floor2,occ-floor2-01,0.5,1.0,1.25,0.0,0
2026-07-15,19,meetingA,occ-meeting-a,0.5,1.0,1.25,0.0,0
2026-07-15,19,meetingB,occ-meeting-b,0.0,0.0,0.0,0.0,0
2026-07-15,20,floor1,occ-floor1-01,1.0,2.0,0.0,0.0,0
2026-07-15,20,floor2,occ-floor2-01,1.5,2.0,0.0,0.0,0
2026-07-15,20,meetingA,occ-meeting-a,1.5,2.0,1.25,0.0,0
2026-07-15,20,meetingB,occ-meeting-b,0.0,0.0,0.0,0.0,0
2026-07-15,21,floor1,occ-floor1-01,1.0,2.0,0.0,0.0,0
2026-07-15,21,floor2,occ-floor2-01,0.0,0.0,0.0,0.0,0
2026-07-15,21,meetingA,occ-meeting-a,1.5,2.0,0.0,0.0,0
2026-07-15,21,meetingB,occ-meeting-b,1.0,2.0,0.0,0.0,0
2026-07-15,22,floor1,occ-floor1-01,0.0,0.0,0.0,0.0,0
2026-07-15,22,floor2,occ-floor2-01,1.5,2.0,0.0,0.0,0
2026-07-15,22,meetingA,occ-meeting-a,1.0,1.0,0.0,0.0,0
2026-07-15,22,meetingB,occ-meeting-b,0.5,1.0,0.0,0.0,0
2026-07-15,23,floor1,occ-floor1-01,1.5,2.0,1.25,0.0,0
2026-07-15,23,floor2,occ-floor2-01,0.0,0.0,0.0,0.0,0
2026-07-15,23,meetingA,occ-meeting-a,1.0,2.0,0.0,0.0,0
2026-07-15,23,meetingB,occ-meeting-b,0.5,1.0,0.0,0.0,0
2026-07-16,0,floor1,occ-floor1-01,0.5,1.0,0.0,0.0,0
2026-07-16,0,floor2,occ-floor2-01,1.0,1.0,0.0,0.0,0
2026-07-16,0,meetingA,occ-meeting-a,0.5,1.0,0.0,0.0,0
2026-07-16,0,meetingB,occ-meeting-b,1.5,2.0,1.25,0.0,0
2026-07-16,1,floor1,occ-floor1-01,1.5,2.0,0.0,0.0,0
2026-07-16,1,floor2,occ-floor2-01,2.0,2.0,0.0,0.0,0
2026-07-16,1,meetingA,occ-meeting-a,1.5,2.0,0.0,0.0,0
2026-07-16,1,meetingB,occ-meeting-b,2.0,2.0,0.0,0.0,0
2026-07-16,2,floor1,occ-floor1-01,1.0,1.0,0.0,0.0,0
2026-07-16,2,floor2,occ-floor2-01,0.5,1.0,0.0,0.0,0
2026-07-16,2,meetingA,occ-meeting-a,1.0,1.0,0.0,0.0,0
2026-07-16,2,meetingB,occ-meeting-b,1.0,2.0,0.0,0.0,0
2026-07-16,3,floor1,occ-floor1-01,1.5,2.0,0.0,0.0,0
2026-07-16,3,floor2,occ-floor2-01,1.5,2.0,0.0,0.0,0
2026-07-16,3,meetingA,occ-meeting-a,1.0,2.0,0.0,0.0,0
2026-07-16,3,meetingB,occ-meeting-b,1.0,2.0,0.0,0.0,0
2026-07-16,4,floor1,occ-floor1-01,1.0,2.0,0.0,0.0,0
2026-07-16,4,floor2,occ-floor2-01,1.0,2.0,0.0,0.0,0
2026-07-16,4,meetingA,occ-meeting-a,0.5,1.0,0.0,0.0,0
2026-07-16,4,meetingB,occ-meeting-b,1.0,2.0,0.0,0.0,0
2026-07-16,5,floor1,occ-floor1-01,1.0,1.0,0.0,0.0,0
2026-07-16,5,floor2,occ-floor2-01,2.0,2.0,0.0,0.0,0
2026-07-16,5,meetingA,occ-meeting-a,1.0,2.0,0.0,0.0,0
2026-07-16,5,meetingB,occ-meeting-b,2.0,2.0,0.0,0.0,0
2026-07-16,6,floor1,occ-floor1-01,0.5,1.0,0.0,0.0,0
2026-07-16,6,floor2,occ-floor2-01,1.0,1.0,0.0,0.0,0
2026-07-16,6,meetingA,occ-meeting-a,1.0,1.0,0.0,0.0,0
2026-07-16,6,meetingB,occ-meeting-b,1.5,2.0,0.0,0.0,0
2026-07-16,7,floor1,occ-floor1-01,0.0,0.0,0.0,0.0,0
2026-07-16,7,floor2,occ-floor2-01,1.0,2.0,0.0,0.0,0
2026-07-16,7,meetingA,occ-meeting-a,0.5,1.0,0.0,0.0,0
2026-07-16,7,meetingB,occ-meeting-b,0.5,1.0,0.0,0.0,0
2026-07-16,8,floor1,occ-floor1-01,21.0,21.0,52.5,0.5,0
2026-07-16,8,floor2,occ-floor2-01,20.5,23.0,50.0,1.0,1
2026-07-16,8,meetingA,occ-meeting-a,22.0,23.0,52.5,1.0,0
2026-07-16,8,meetingB,occ-meeting-b,21.5,24.0,50.0,1.0,0
2026-07-16,9,floor1,occ-floor1-01,27.5,28.0,68.75,0.5,0
2026-07-16,9,floor2,occ-floor2-01,28.0,30.0,70.0,0.5,1
2026-07-16,9,meetingA,occ-meeting-a,28.0,33.0,68.75,0.0,0
2026-07-16,9,meetingB,occ-meeting-b,27.0,31.0,66.25,0.5,0
2026-07-16,10,floor1,occ-floor1-01,32.5,33.0,80.0,1.0,0
2026-07-16,10,floor2,occ-floor2-01,31.0,31.0,72.5,0.5,0
2026-07-16,10,meetingA,occ-meeting-a,31.5,33.0,78.75,0.5,0
2026-07-16,10,meetingB,occ-meeting-b,30.5,31.0,76.25,0.0,0
2026-07-16,11,floor1,occ-floor1-01,33.0,36.0,78.75,0.0,0
2026-07-16,11,floor2,occ-floor2-01,34.0,36.0,83.75,1.0,0
2026-07-16,11,meetingA,occ-meeting-a,33.5,34.0,82.5,0.5,1
2026-07-16,11,meetingB,occ-meeting-b,33.0,34.0,80.0,1.0,0
2026-07-16,12,floor1,occ-floor1-01,35.5,37.0,85.0,0.5,1
2026-07-16,12,floor2,occ-floor2-01,38.5,39.0,93.75,0.5,0
2026-07-16,12,meetingA,occ-meeting-a,35.0,36.0,86.25,0.5,0
2026-07-16,12,meetingB,occ-meeting-b,36.5,37.0,90.0,0.5,0
2026-07-16,13,floor1,occ-floor1-01,38.5,39.0,92.5,0.5,0
2026-07-16,13,floor2,occ-floor2-01,37.5,38.0,91.25,1.0,1
2026-07-16,13,meetingA,occ-meeting-a,39.5,41.0,93.75,0.0,0
2026-07-16,13,meetingB,occ-meeting-b,37.0,39.0,91.25,0.0,0
2026-07-16,14,floor1,occ-floor1-01,37.5,38.0,92.5,1.0,0
2026-07-16,14,floor2,occ-floor2-01,37.5,39.0,91.25,0.5,0
2026-07-16,14,meetingA,occ-meeting-a,35.0,37.0,85.0,0.5,1
2026-07-16,14,meetingB,occ-meeting-b,40.5,42.0,96.25,0.0,0
2026-07-16,15,floor1,occ-floor1-01,32.0,34.0,77.5,0.5,0
2026-07-16,15,floor2,occ-floor2-01,32.5,33.0,80.0,0.5,0
2026-07-16,15,meetingA,occ-meeting-a,33.0,35.0,80.0,0.5,0
2026-07-16,15,meetingB,occ-meeting-b,36.0,39.0,86.25,1.0,1
2026-07-16,16,floor1,occ-floor1-01,27.5,28.0,66.25,0.5,0
2026-07-16,16,floor2,occ-floor2-01,28.5,29.0,67.5,0.0,0
2026-07-16,16,meetingA,occ-meeting-a,26.5,29.0,63.75,0.5,1
2026-07-16,16,meetingB,occ-meeting-b,27.0,28.0,63.75,1.0,1
2026-07-16,17,floor1,occ-floor1-01,17.0,20.0,42.5,1.0,0
2026-07-16,17,floor2,occ-floor2-01,20.0,22.0,47.5,0.5,1
2026-07-16,17,meetingA,occ-meeting-a,18.0,21.0,45.0,1.0,0
2026-07-16,17,meetingB,occ-meeting-b,19.5,24.0,43.75,0.5,0
2026-07-16,18,floor1,occ-floor1-01,12.0,13.0,27.5,0.0,0
2026-07-16,18,floor2,occ-floor2-01,10.5,13.0,25.0,0.5,0
2026-07-16,18,meetingA,occ-meeting-a,12.0,14.0,26.25,0.5,0
2026-07-16,18,meetingB,occ-meeting-b,10.5,12.0,23.75,0.5,0
2026-07-16,19,floor1,occ-floor1-01,2.0,2.0,0.0,0.0,0
2026-07-16,19,floor2,occ-floor2-01,1.0,2.0,0.0,0.0,0
2026-07-16,19,meetingA,occ-meeting-a,1.5,2.0,0.0,0.0,0
2026-07-16,19,meetingB,occ-meeting-b,0.5,1.0,0.0,0.0,0
2026-07-16,20,floor1,occ-floor1-01,1.0,1.0,0.0,0.0,0
2026-07-16,20,floor2,occ-floor2-01,1.0,1.0,0.0,0.0,0
2026-07-16,20,meetingA,occ-meeting-a,1.0,1.0,0.0,0.0,0
2026-07-16,20,meetingB,occ-meeting-b,1.5,2.0,0.0,0.0,0
2026-07-16,21,floor1,occ-floor1-01,2.0,2.0,0.0,0.0,0
2026-07-16,21,floor2,occ-floor2-01,0.0,0.0,0.0,0.0,0
2026-07-16,21,meetingA,occ-meeting-a,1.0,2.0,1.25,0.0,0
2026-07-16,21,meetingB,occ-meeting-b,2.0,2.0,0.0,0.0,0
2026-07-16,22,floor1,occ-floor1-01,0.5,1.0,0.0,0.0,0
2026-07-16,22,floor2,occ-floor2-01,1.0,2.0,1.25,0.0,0
2026-07-16,22,meetingA,occ-meeting-a,1.0,1.0,0.0,0.0,0
2026-07-16,22,meetingB,occ-meeting-b,1.0,2.0,0.0,0.0,0
2026-07-16,23,floor1,occ-floor1-01,1.0,2.0,0.0,0.0,0
2026-07-16,23,floor2,occ-floor2-01,1.5,2.0,0.0,0.0,0
2026-07-16,23,meetingA,occ-meeting-a,1.0,2.0,0.0,0.0,0
2026-07-16,23,meetingB,occ-meeting-b,1.5,2.0,0.0,0.0,0
2026-07-17,0,floor1,occ-floor1-01,0.5,1.0,1.25,0.0,0
2026-07-17,0,floor2,occ-floor2-01,1.0,1.0,1.25,0.0,0
2026-07-17,0,meetingA,occ-meeting-a,1.0,2.0,0.0,0.0,0
2026-07-17,0,meetingB,occ-meeting-b,2.0,2.0,0.0,0.0,0
2026-07-17,1,floor1,occ-floor1-01,1.5,2.0,0.0,0.0,0
2026-07-17,1,floor2,occ-floor2-01,2.0,2.0,0.0,0.0,0
2026-07-17,1,meetingA,occ-meeting-a,0.0,0.0,0.0,0.0,0
2026-07-17,1,meetingB,occ-meeting-b,1.0,2.0,0.0,0.0,0
2026-07-17,2,floor1,occ-floor1-01,1.0,2.0,0.0,0.0,0
2026-07-17,2,floor2,occ-floor2-01,1.0,2.0,0.0,0.0,0
2026-07-17,2,meetingA,occ-meeting-a,1.5,2.0,0.0,0.0,0
2026-07-17,2,meetingB,occ-meeting-b,1.5,2.0,0.0,0.0,0
2026-07-17,3,floor1,occ-floor1-01,0.5,1.0,0.0,0.0,0
2026-07-17,3,floor2,occ-floor2-01,0.0,0.0,0.0,0.0,0
2026-07-17,3,meetingA,occ-meeting-a,0.5,1.0,0.0,0.0,0
2026-07-17,3,meetingB,occ-meeting-b,2.0,2.0,0.0,0.0,0
2026-07-17,4,floor1,occ-floor1-01,0.5,1.0,0.0,0.0,0
2026-07-17,4,floor2,occ-floor2-01,2.0,2.0,0.0,0.0,0
2026-07-17,4,meetingA,occ-meeting-a,1.5,2.0,0.0,0.0,0
2026-07-17,4,meetingB,occ-meeting-b,0.5,1.0,0.0,0.0,0
2026-07-17,5,floor1,occ-floor1-01,0.5,1.0,0.0,0.0,0
2026-07-17,5,floor2,occ-floor2-01,2.0,2.0,0.0,0.0,0
2026-07-17,5,meetingA,occ-meeting-a,1.0,2.0,1.25,0.0,0
2026-07-17,5,meetingB,occ-meeting-b,0.0,0.0,0.0,0.0,0
2026-07-17,6,floor1,occ-floor1-01,1.0,1.0,0.0,0.0,0
2026-07-17,6,floor2,occ-floor2-01,0.0,0.0,0.0,0.0,0
2026-07-17,6,meetingA,occ-meeting-a,1.5,2.0,1.25,0.0,0
2026-07-17,6,meetingB,occ-meeting-b,1.5,3.0,1.25,0.0,0
2026-07-17,7,floor1,occ-floor1-01,1.0,2.0,0.0,0.0,0
2026-07-17,7,floor2,occ-floor2-01,0.0,0.0,0.0,0.0,0
2026-07-17,7,meetingA,occ-meeting-a,1.0,2.0,0.0,0.0,0
2026-07-17,7,meetingB,occ-meeting-b,1.0,1.0,0.0,0.0,0
2026-07-17,8,floor1,occ-floor1-01,22.5,27.0,53.75,0.0,0
2026-07-17,8,floor2,occ-floor2-01,23.5,26.0,56.25,0.5,0
2026-07-17,8,meetingA,occ-meeting-a,21.5,23.0,51.25,1.0,1
2026-07-17,8,meetingB,occ-meeting-b,20.5,23.0,48.75,1.0,1
2026-07-17,9,floor1,occ-floor1-01,29.5,32.0,70.0,0.5,0
2026-07-17,9,floor2,occ-floor2-01,26.0,27.0,63.75,1.0,0
2026-07-17,9,meetingA,occ-meeting-a,29.0,29.0,70.0,0.5,1
2026-07-17,9,meetingB,occ-meeting-b,27.5,29.0,66.25,0.5,0
2026-07-17,10,floor1,occ-floor1-01,31.0,32.0,76.25,0.0,0
2026-07-17,10,floor2,occ-floor2-01,32.0,32.0,76.25,1.0,0
2026-07-17,10,meetingA,occ-meeting-a,31.5,32.0,76.25,1.0,0
2026-07-17,10,meetingB,occ-meeting-b,32.0,33.0,77.5,1.0,1
2026-07-17,11,floor1,occ-floor1-01,34.5,35.0,83.75,1.0,0
2026-07-17,11,floor2,occ-floor2-01,35.0,35.0,86.25,0.0,0
2026-07-17,11,meetingA,occ-meeting-a,35.5,36.0,85.0,0.5,0
2026-07-17,11,meetingB,occ-meeting-b,35.5,39.0,86.25,0.0,0
2026-07-17,12,floor1,occ-floor1-01,36.5,38.0,91.25,0.5,0
2026-07-17,12,floor2,occ-floor2-01,36.0,37.0,88.75,0.5,1
2026-07-17,12,meetingA,occ-meeting-a,37.0,39.0,90.0,0.5,1
2026-07-17,12,meetingB,occ-meeting-b,37.5,38.0,92.5,1.0,0
2026-07-17,13,floor1,occ-floor1-01,40.0,42.0,97.5,0.5,0
2026-07-17,13,floor2,occ-floor2-01,37.0,39.0,90.0,1.0,0
2026-07-17,13,meetingA,occ-meeting-a,37.5,40.0,91.25,0.0,0
2026-07-17,13,meetingB,occ-meeting-b,40.5,42.0,97.5,1.0,0
2026-07-17,14,floor1,occ-floor1-01,37.0,39.0,87.5,0.5,0
2026-07-17,14,floor2,occ-floor2-01,37.5,40.0,90.0,0.5,0
2026-07-17,14,meetingA,occ-meeting-a,36.5,37.0,88.75,1.0,0
2026-07-17,14,meetingB,occ-meeting-b,39.5,41.0,93.75,0.5,1
2026-07-17,15,floor1,occ-floor1-01,35.5,38.0,83.75,1.0,1
2026-07-17,15,floor2,occ-floor2-01,31.0,33.0,76.25,0.5,0
2026-07-17,15,meetingA,occ-meeting-a,34.5,35.0,85.0,1.0,1
2026-07-17,15,meetingB,occ-meeting-b,36.0,38.0,86.25,0.5,0
2026-07-17,16,floor1,occ-floor1-01,28.0,29.0,66.25,0.5,0
2026-07-17,16,floor2,occ-floor2-01,28.0,30.0,67.5,0.5,0
2026-07-17,16,meetingA,occ-meeting-a,26.5,27.0,65.0,0.5,0
2026-07-17,16,meetingB,occ-meeting-b,27.5,31.0,66.25,0.5,0
2026-07-17,17,floor1,occ-floor1-01,21.0,21.0,51.25,1.0,0
2026-07-17,17,floor2,occ-floor2-01,17.5,21.0,42.5,0.5,1
2026-07-17,17,meetingA,occ-meeting-a,20.0,20.0,46.25,0.0,0
2026-07-17,17,meetingB,occ-meeting-b,18.0,19.0,45.0,1.0,1
2026-07-17,18,floor1,occ-floor1-01,12.5,14.0,30.0,0.5,0
2026-07-17,18,floor2,occ-floor2-01,10.5,11.0,23.75,0.5,0
2026-07-17,18,meetingA,occ-meeting-a,11.5,13.0,27.5,0.5,0
2026-07-17,18,meetingB,occ-meeting-b,9.5,12.0,20.0,0.5,1
2026-07-17,19,floor1,occ-floor1-01,1.0,2.0,0.0,0.0,0
2026-07-17,19,floor2,occ-floor2-01,0.5,1.0,0.0,0.0,0
2026-07-17,19,meetingA,occ-meeting-a,1.0,2.0,0.0,0.0,0
2026-07-17,19,meetingB,occ-meeting-b,2.0,2.0,0.0,0.0,0
2026-07-17,20,floor1,occ-floor1-01,0.5,1.0,0.0,0.0,0
2026-07-17,20,floor2,occ-floor2-01,0.0,0.0,0.0,0.0,0
2026-07-17,20,meetingA,occ-meeting-a,1.0,2.0,0.0,0.0,0
2026-07-17,20,meetingB,occ-meeting-b,0.5,1.0,0.0,0.0,0
2026-07-17,21,floor1,occ-floor1-01,1.5,2.0,0.0,0.0,0
2026-07-17,21,floor2,occ-floor2-01,0.5,1.0,0.0,0.0,0
2026-07-17,21,meetingA,occ-meeting-a,1.5,2.0,0.0,0.0,0
2026-07-17,21,meetingB,occ-meeting-b,1.0,2.0,0.0,0.0,0
2026-07-17,22,floor1,occ-floor1-01,0.5,1.0,0.0,0.0,0
2026-07-17,22,floor2,occ-floor2-01,2.0,2.0,0.0,0.0,0
2026-07-17,22,meetingA,occ-meeting-a,1.5,2.0,0.0,0.0,0
2026-07-17,22,meetingB,occ-meeting-b,1.5,3.0,1.25,0.0,0
2026-07-17,23,floor1,occ-floor1-01,0.5,1.0,0.0,0.0,0
2026-07-17,23,floor2,occ-floor2-01,1.5,2.0,1.25,0.0,0
2026-07-17,23,meetingA,occ-meeting-a,0.0,0.0,0.0,0.0,0
2026-07-17,23,meetingB,occ-meeting-b,0.0,0.0,0.0,0.0,0
2026-07-18,0,floor1,occ-floor1-01,1.5,2.0,0.0,0.0,0
2026-07-18,0,floor2,occ-floor2-01,1.0,2.0,0.0,0.0,0
2026-07-18,0,meetingA,occ-meeting-a,1.5,2.0,0.0,0.0,0
2026-07-18,0,meetingB,occ-meeting-b,1.0,2.0,1.25,0.0,0
2026-07-18,1,floor1,occ-floor1-01,1.0,1.0,0.0,0.0,0
2026-07-18,1,floor2,occ-floor2-01,0.5,1.0,0.0,0.0,0
2026-07-18,1,meetingA,occ-meeting-a,1.5,2.0,0.0,0.0,0
2026-07-18,1,meetingB,occ-meeting-b,1.0,2.0,0.0,0.0,0
2026-07-18,2,floor1,occ-floor1-01,1.5,2.0,0.0,0.0,0
2026-07-18,2,floor2,occ-floor2-01,2.0,2.0,0.0,0.0,0
2026-07-18,2,meetingA,occ-meeting-a,0.5,1.0,0.0,0.0,0
2026-07-18,2,meetingB,occ-meeting-b,2.0,3.0,1.25,0.0,0
2026-07-18,3,floor1,occ-floor1-01,0.0,0.0,0.0,0.0,0
2026-07-18,3,floor2,occ-floor2-01,2.0,2.0,0.0,0.0,0
2026-07-18,3,meetingA,occ-meeting-a,0.5,1.0,1.25,0.0,0
2026-07-18,3,meetingB,occ-meeting-b,1.5,2.0,0.0,0.0,0
2026-07-18,4,floor1,occ-floor1-01,1.0,2.0,0.0,0.0,0
2026-07-18,4,floor2,occ-floor2-01,0.5,1.0,1.25,0.0,0
2026-07-18,4,meetingA,occ-meeting-a,0.5,1.0,0.0,0.0,0
2026-07-18,4,meetingB,occ-meeting-b,0.0,0.0,0.0,0.0,0
2026-07-18,5,floor1,occ-floor1-01,1.0,2.0,0.0,0.0,0
2026-07-18,5,floor2,occ-floor2-01,0.0,0.0,0.0,0.0,0
2026-07-18,5,meetingA,occ-meeting-a,0.5,1.0,0.0,0.0,0
2026-07-18,5,meetingB,occ-meeting-b,1.5,2.0,0.0,0.0,0
2026-07-18,6,floor1,occ-floor1-01,1.0,2.0,0.0,0.0,0
2026-07-18,6,floor2,occ-floor2-01,1.0,1.0,0.0,0.0,0
2026-07-18,6,meetingA,occ-meeting-a,2.0,2.0,0.0,0.0,0
2026-07-18,6,meetingB,occ-meeting-b,1.5,2.0,0.0,0.0,0
2026-07-18,7,floor1,occ-floor1-01,1.0,2.0,0.0,0.0,0
2026-07-18,7,floor2,occ-floor2-01,1.5,2.0,0.0,0.0,0
2026-07-18,7,meetingA,occ-meeting-a,1.0,1.0,0.0,0.0,0
2026-07-18,7,meetingB,occ-meeting-b,0.5,1.0,0.0,0.0,0
2026-07-18,8,floor1,occ-floor1-01,2.0,2.0,1.25,0.0,0
2026-07-18,8,floor2,occ-floor2-01,0.5,1.0,0.0,0.0,0
2026-07-18,8,meetingA,occ-meeting-a,2.0,3.0,1.25,0.0,0
2026-07-18,8,meetingB,occ-meeting-b,0.5,1.0,0.0,0.0,0
2026-07-18,9,floor1,occ-floor1-01,0.0,0.0,0.0,0.0,0
2026-07-18,9,floor2,occ-floor2-01,0.5,1.0,0.0,0.0,0
2026-07-18,9,meetingA,occ-meeting-a,1.5,2.0,0.0,0.0,0
2026-07-18,9,meetingB,occ-meeting-b,0.0,0.0,0.0,0.0,0
2026-07-18,10,floor1,occ-floor1-01,1.5,2.0,0.0,0.0,0
2026-07-18,10,floor2,occ-floor2-01,0.0,0.0,0.0,0.0,0
2026-07-18,10,meetingA,occ-meeting-a,0.5,1.0,0.0,0.0,0
2026-07-18,10,meetingB,occ-meeting-b,0.0,0.0,0.0,0.0,0
2026-07-18,11,floor1,occ-floor1-01,0.0,0.0,0.0,0.0,0
2026-07-18,11,floor2,occ-floor2-01,1.0,1.0,0.0,0.0,0
2026-07-18,11,meetingA,occ-meeting-a,2.0,3.0,1.25,0.0,0
2026-07-18,11,meetingB,occ-meeting-b,0.5,1.0,0.0,0.0,0
2026-07-18,12,floor1,occ-floor1-01,1.5,3.0,1.25,0.0,0
2026-07-18,12,floor2,occ-floor2-01,2.0,2.0,0.0,0.0,0
2026-07-18,12,meetingA,occ-meeting-a,0.5,1.0,0.0,0.0,0
2026-07-18,12,meetingB,occ-meeting-b,0.0,0.0,0.0,0.0,0
2026-07-18,13,floor1,occ-floor1-01,1.5,2.0,1.25,0.0,0
2026-07-18,13,floor2,occ-floor2-01,1.5,2.0,0.0,0.0,0
2026-07-18,13,meetingA,occ-meeting-a,1.5,2.0,0.0,0.0,0
2026-07-18,13,meetingB,occ-meeting-b,0.0,0.0,0.0,0.0,0
2026-07-18,14,floor1,occ-floor1-01,1.5,3.0,1.25,0.0,0
2026-07-18,14,floor2,occ-floor2-01,0.0,0.0,0.0,0.0,0
2026-07-18,14,meetingA,occ-meeting-a,0.5,1.0,0.0,0.0,0
2026-07-18,14,meetingB,occ-meeting-b,2.5,3.0,1.25,0.0,0
2026-07-18,15,floor1,occ-floor1-01,0.5,1.0,0.0,0.0,0
2026-07-18,15,floor2,occ-floor2-01,1.5,3.0,1.25,0.0,0
2026-07-18,15,meetingA,occ-meeting-a,1.0,1.0,0.0,0.0,0
2026-07-18,15,meetingB,occ-meeting-b,0.5,1.0,0.0,0.0,0
2026-07-18,16,floor1,occ-floor1-01,1.5,2.0,0.0,0.0,0
2026-07-18,16,floor2,occ-floor2-01,2.0,2.0,0.0,0.0,0
2026-07-18,16,meetingA,occ-meeting-a,1.5,2.0,0.0,0.0,0
2026-07-18,16,meetingB,occ-meeting-b,1.5,2.0,0.0,0.0,0
2026-07-18,17,floor1,occ-floor1-01,0.5,1.0,0.0,0.0,0
2026-07-18,17,floor2,occ-floor2-01,1.0,2.0,0.0,0.0,0
2026-07-18,17,meetingA,occ-meeting-a,0.5,1.0,0.0,0.0,0
2026-07-18,17,meetingB,occ-meeting-b,1.0,2.0,0.0,0.0,0
2026-07-18,18,floor1,occ-floor1-01,1.0,2.0,0.0,0.0,0
2026-07-18,18,floor2,occ-floor2-01,1.0,2.0,0.0,0.0,0
2026-07-18,18,meetingA,occ-meeting-a,0.5,1.0,0.0,0.0,0
2026-07-18,18,meetingB,occ-meeting-b,2.0,2.0,0.0,0.0,0
2026-07-18,19,floor1,occ-floor1-01,1.5,2.0,0.0,0.0,0
2026-07-18,19,floor2,occ-floor2-01,1.0,2.0,0.0,0.0,0
2026-07-18,19,meetingA,occ-meeting-a,1.5,2.0,0.0,0.0,0
2026-07-18,19,meetingB,occ-meeting-b,0.5,1.0,0.0,0.0,0
2026-07-18,20,floor1,occ-floor1-01,2.0,2.0,0.0,0.0,0
2026-07-18,20,floor2,occ-floor2-01,2.0,2.0,0.0,0.0,0
2026-07-18,20,meetingA,occ-meeting-a,1.5,2.0,0.0,0.0,0
2026-07-18,20,meetingB,occ-meeting-b,0.0,0.0,0.0,0.0,0
2026-07-18,21,floor1,occ-floor1-01,0.0,0.0,0.0,0.0,0
2026-07-18,21,floor2,occ-floor2-01,1.5,2.0,0.0,0.0,0
2026-07-18,21,meetingA,occ-meeting-a,1.5,2.0,0.0,0.0,0
2026-07-18,21,meetingB,occ-meeting-b,1.0,1.0,0.0,0.0,0
2026-07-18,22,floor1,occ-floor1-01,1.0,2.0,0.0,0.0,0
2026-07-18,22,floor2,occ-floor2-01,2.0,2.0,0.0,0.0,0
2026-07-18,22,meetingA,occ-meeting-a,1.5,2.0,0.0,0.0,0
2026-07-18,22,meetingB,occ-meeting-b,0.0,0.0,0.0,0.0,0
2026-07-18,23,floor1,occ-floor1-01,1.0,2.0,0.0,0.0,0
2026-07-18,23,floor2,occ-floor2-01,1.0,2.0,0.0,0.0,0
2026-07-18,23,meetingA,occ-meeting-a,1.0,1.0,0.0,0.0,0
2026-07-18,23,meetingB,occ-meeting-b,1.0,1.0,0.0,0.0,0
2026-07-19,0,floor1,occ-floor1-01,1.0,2.0,0.0,0.0,0
2026-07-19,0,floor2,occ-floor2-01,1.5,2.0,0.0,0.0,0
2026-07-19,0,meetingA,occ-meeting-a,0.5,1.0,0.0,0.0,0
2026-07-19,0,meetingB,occ-meeting-b,2.5,3.0,1.25,0.0,0
2026-07-19,1,floor1,occ-floor1-01,0.5,1.0,0.0,0.0,0
2026-07-19,1,floor2,occ-floor2-01,1.0,2.0,0.0,0.0,0
2026-07-19,1,meetingA,occ-meeting-a,1.0,2.0,0.0,0.0,0
2026-07-19,1,meetingB,occ-meeting-b,2.0,2.0,0.0,0.0,0
2026-07-19,2,floor1,occ-floor1-01,1.0,2.0,0.0,0.0,0
2026-07-19,2,floor2,occ-floor2-01,1.5,2.0,0.0,0.0,0
2026-07-19,2,meetingA,occ-meeting-a,1.0,2.0,0.0,0.0,0
2026-07-19,2,meetingB,occ-meeting-b,1.5,2.0,0.0,0.0,0
2026-07-19,3,floor1,occ-floor1-01,1.5,2.0,0.0,0.0,0
2026-07-19,3,floor2,occ-floor2-01,2.5,3.0,1.25,0.0,0
2026-07-19,3,meetingA,occ-meeting-a,0.5,1.0,1.25,0.0,0
2026-07-19,3,meetingB,occ-meeting-b,2.0,2.0,0.0,0.0,0
2026-07-19,4,floor1,occ-floor1-01,1.0,2.0,0.0,0.0,0
2026-07-19,4,floor2,occ-floor2-01,2.0,2.0,0.0,0.0,0
2026-07-19,4,meetingA,occ-meeting-a,0.0,0.0,0.0,0.0,0
2026-07-19,4,meetingB,occ-meeting-b,1.0,2.0,0.0,0.0,0
2026-07-19,5,floor1,occ-floor1-01,0.5,1.0,0.0,0.0,0
2026-07-19,5,floor2,occ-floor2-01,0.0,0.0,0.0,0.0,0
2026-07-19,5,meetingA,occ-meeting-a,1.5,3.0,1.25,0.0,0
2026-07-19,5,meetingB,occ-meeting-b,1.5,2.0,0.0,0.0,0
2026-07-19,6,floor1,occ-floor1-01,1.0,2.0,0.0,0.0,0
2026-07-19,6,floor2,occ-floor2-01,1.5,2.0,0.0,0.0,0
2026-07-19,6,meetingA,occ-meeting-a,1.0,1.0,0.0,0.0,0
2026-07-19,6,meetingB,occ-meeting-b,0.0,0.0,0.0,0.0,0
2026-07-19,7,floor1,occ-floor1-01,1.5,2.0,0.0,0.0,0
2026-07-19,7,floor2,occ-floor2-01,1.0,2.0,0.0,0.0,0
2026-07-19,7,meetingA,occ-meeting-a,2.0,2.0,0.0,0.0,0
2026-07-19,7,meetingB,occ-meeting-b,1.5,2.0,0.0,0.0,0
2026-07-19,8,floor1,occ-floor1-01,0.5,1.0,0.0,0.0,0
2026-07-19,8,floor2,occ-floor2-01,0.0,0.0,0.0,0.0,0
2026-07-19,8,meetingA,occ-meeting-a,1.0,1.0,0.0,0.0,0
2026-07-19,8,meetingB,occ-meeting-b,1.5,2.0,0.0,0.0,0
